date,open,high,close,low,volume,price_change,p_change,ma5,ma10,ma20,v_ma5,v_ma10,v_ma20,turnover
2017-12-07,6.53,6.88,6.67,6.46,35389.08,0.12,1.83,6.624,6.64,6.864,24017.35,20642.71,25199.88,0.57
2017-12-06,6.53,6.59,6.55,6.4,22496.1,-0.02,-0.3,6.614,6.658,6.903,20062.93,19031.65,24512.9,0.36
2017-12-05,6.6,6.69,6.57,6.4,26155.8,-0.06,-0.91,6.632,6.695,6.947,18740.33,18683.7,25169.47,0.42
2017-12-04,6.71,6.75,6.63,6.62,21314.24,-0.07,-1.04,6.652,6.732,6.987,16442.53,18530.65,24994.57,0.34
2017-12-01,6.62,6.72,6.7,6.61,14731.53,0.08,1.21,6.65,6.782,7.028,15383.83,20671.11,25431.86,0.24
2017-11-30,6.64,6.68,6.62,6.61,15616.97,-0.02,-0.3,6.656,6.819,7.056,17268.07,24348.91,25999.69,0.25
2017-11-29,6.67,6.7,6.64,6.6,15883.1,-0.03,-0.45,6.702,6.874,7.088,18000.37,24407.97,26215.84,0.26
2017-11-28,6.61,6.68,6.67,6.55,14666.8,0.05,0.76,6.758,6.925,7.124,18627.07,24989.07,26424.91,0.24
2017-11-27,6.74,6.74,6.62,6.6,16020.74,-0.11,-1.63,6.812,6.972,7.161,20618.77,25994.94,26399.28,0.26
2017-11-24,6.8,6.85,6.73,6.7,24152.74,-0.12,-1.75,6.914,7.026,7.195,25958.4,29867.75,27028.98,0.39
2017-11-23,6.92,6.97,6.85,6.82,19278.45,-0.07,-1.01,6.982,7.087,7.235,31429.75,29757.05,27042.8,0.31
2017-11-22,6.94,6.96,6.92,6.85,19016.6,-0.02,-0.29,7.046,7.148,7.277,30815.56,29994.16,27350.34,0.31
2017-11-21,7.06,7.07,6.94,6.9,24625.3,-0.19,-2.67,7.092,7.199,7.32,31351.07,31655.23,27685.01,0.4
2017-11-20,6.99,7.15,7.13,6.77,42718.91,0.06,0.85,7.132,7.242,7.356,31371.11,31458.5,27443.61,0.69
2017-11-17,7.17,7.17,7.07,6.8,51509.5,-0.1,-1.4,7.138,7.274,7.382,33777.11,30192.61,26485.39,0.83
2017-11-16,7.14,7.19,7.17,7.11,16207.51,0.02,0.28,7.192,7.292,7.405,28084.34,27650.48,24824.64,0.26
2017-11-15,7.13,7.18,7.15,7.1,21694.11,0.01,0.14,7.25,7.301,7.418,29172.76,28023.71,26448.77,0.35
2017-11-14,7.16,7.23,7.14,7.08,24725.54,-0.02,-0.28,7.306,7.323,7.445,31959.4,27860.76,28001.93,0.4
2017-11-13,7.3,7.33,7.16,7.09,54748.88,-0.18,-2.45,7.352,7.349,7.483,31545.89,26803.62,28550.8,0.88
2017-11-10,7.46,7.46,7.34,7.3,23045.66,-0.12,-1.61,7.41,7.363,7.525,26608.12,24190.21,29547.47,0.37
2017-11-09,7.39,7.49,7.46,7.33,21649.61,0.03,0.4,7.392,7.382,7.573,27216.62,24328.55,33715.34,0.35
2017-11-08,7.36,7.57,7.43,7.35,35627.32,0.06,0.81,7.352,7.406,7.599,26874.67,24706.52,34241.14,0.57
2017-11-07,7.36,7.39,7.37,7.26,22657.99,-0.08,-1.07,7.34,7.44,7.632,23762.12,23714.78,33908.77,0.37
2017-11-06,7.25,7.49,7.45,7.11,30060.01,0.2,2.76,7.346,7.469,7.67,22061.35,23428.71,35110.57,0.48
2017-11-03,7.52,7.58,7.25,7.0,26088.16,-0.01,-0.14,7.316,7.489,7.694,21772.29,22778.16,34907.52,0.42
2017-11-02,7.38,7.4,7.26,7.23,19939.86,-0.11,-1.49,7.372,7.518,7.724,21440.48,21998.8,35136.67,0.32
2017-11-01,7.37,7.42,7.37,7.3,20064.6,-0.03,-0.41,7.46,7.535,7.754,22538.36,24873.83,35881.95,0.32
2017-10-31,7.25,7.43,7.4,7.25,14154.14,0.1,1.37,7.54,7.566,7.784,23667.43,28143.09,36177.44,0.23
2017-10-30,7.52,7.53,7.3,7.25,28614.71,-0.23,-3.05,7.592,7.617,7.811,24796.07,30297.98,36858.05,0.46
2017-10-27,7.71,7.71,7.53,7.52,24429.11,-0.17,-2.21,7.662,7.687,7.843,23784.03,34904.73,38548.13,0.39
2017-10-26,7.73,7.73,7.7,7.62,25429.25,-0.07,-0.9,7.664,7.764,7.874,22557.11,43102.13,40946.62,0.41
2017-10-25,7.66,7.79,7.77,7.62,25709.95,0.11,1.44,7.61,7.792,7.902,27209.29,43775.76,44815.19,0.41
2017-10-24,7.67,7.68,7.66,7.57,19797.32,0.01,0.13,7.592,7.824,7.921,32618.75,44102.76,46392.03,0.32
2017-10-23,7.54,7.74,7.65,7.54,23554.54,0.11,1.46,7.642,7.87,7.945,35799.88,46792.42,49581.99,0.38
2017-10-20,7.41,7.54,7.54,7.4,18294.5,0.11,1.48,7.712,7.899,7.981,46025.42,47036.88,52710.78,0.29
2017-10-19,7.63,7.67,7.43,7.35,48690.14,-0.25,-3.25,7.864,7.929,8.032,63647.15,48274.54,58567.19,0.79
2017-10-18,7.96,8.0,7.68,7.68,52757.26,-0.23,-2.91,7.974,7.973,8.092,60342.24,46890.08,63957.43,0.85
2017-10-17,7.91,7.99,7.91,7.81,35702.98,-0.09,-1.12,8.056,8.002,8.131,55586.76,44211.78,65503.8,0.58
2017-10-16,8.31,8.36,8.0,7.97,74682.2,-0.3,-3.61,8.098,8.004,8.158,57784.96,43418.12,73171.29,1.2
2017-10-13,7.98,8.33,8.3,7.97,106403.17,0.32,4.01,8.086,7.999,8.173,48048.34,42191.53,72352.6,1.72
2017-10-12,8.09,8.12,7.98,7.91,32165.57,-0.11,-1.36,7.994,7.984,8.169,32901.92,38791.11,69845.43,0.52
2017-10-11,8.16,8.16,8.09,8.04,28979.87,-0.03,-0.37,7.972,8.011,8.178,33437.93,45854.63,73555.36,0.47
2017-10-10,7.95,8.15,8.12,7.9,46693.97,0.18,2.27,7.948,8.018,8.187,32836.81,48681.31,76429.83,0.75
2017-10-09,7.95,7.98,7.94,7.88,25999.1,0.1,1.28,7.91,8.02,8.198,29051.29,52371.57,82619.54,0.42
2017-09-29,7.88,7.92,7.84,7.83,30671.1,-0.03,-0.38,7.912,8.062,8.208,36334.73,58384.68,85028.37,0.49
2017-09-28,7.97,8.03,7.87,7.87,34845.6,-0.1,-1.25,7.974,8.135,8.223,44680.3,68859.84,89210.37,0.56
2017-09-27,7.94,8.05,7.97,7.93,25974.26,0.04,0.5,8.05,8.21,8.228,58271.32,81024.78,90100.96,0.42
2017-09-26,8.03,8.03,7.93,7.87,27766.4,-0.02,-0.25,8.088,8.26,8.231,64525.81,86795.81,91379.65,0.45
2017-09-25,8.13,8.13,7.95,7.9,62416.27,-0.2,-2.45,8.13,8.312,8.233,75691.85,102924.46,93618.0,1.01
2017-09-22,8.07,8.19,8.15,7.98,72398.98,-0.1,-1.21,8.212,8.346,8.24,80434.63,102513.67,94560.91,1.17
2017-09-21,8.27,8.55,8.25,8.23,102800.7,0.09,1.1,8.296,8.353,8.231,93039.37,100899.74,94990.59,1.66
2017-09-20,8.14,8.2,8.16,8.08,57246.71,0.02,0.25,8.37,8.345,8.215,103778.24,101256.1,96810.52,0.92
2017-09-19,8.38,8.4,8.14,8.13,83596.58,-0.22,-2.63,8.432,8.356,8.223,109065.81,104178.35,100729.49,1.35
2017-09-18,8.51,8.53,8.36,8.28,86130.16,-0.21,-2.45,8.494,8.376,8.228,130157.07,112867.5,101865.91,1.39
2017-09-15,8.57,8.75,8.57,8.45,135422.7,-0.05,-0.58,8.48,8.353,8.227,124592.71,111672.06,102521.97,2.18
2017-09-14,8.44,8.63,8.62,8.29,156495.05,0.15,1.77,8.41,8.311,8.209,108760.12,109560.91,107134.85,2.52
2017-09-13,8.41,8.58,8.47,8.33,83684.58,0.02,0.24,8.32,8.246,8.2,98733.97,99177.14,117278.43,1.35
2017-09-12,8.31,8.65,8.45,8.26,189052.84,0.16,1.93,8.28,8.201,8.215,99290.89,95963.49,133314.73,3.05
2017-09-11,8.27,8.29,8.29,8.16,58308.36,0.07,0.85,8.258,8.153,8.228,95577.94,84311.53,146084.96,0.94
2017-09-08,8.12,8.25,8.22,8.1,56259.76,0.05,0.61,8.226,8.133,8.245,98751.4,86608.16,162990.52,0.91
2017-09-07,8.31,8.44,8.17,8.13,106364.29,-0.1,-1.21,8.212,8.109,8.229,110361.7,89081.44,169520.31,1.71
2017-09-06,8.25,8.28,8.27,8.1,86469.2,-0.07,-0.84,8.172,8.085,8.24,99620.31,92364.93,188262.31,1.39
2017-09-05,8.24,8.62,8.34,8.24,170488.09,0.21,2.58,8.122,8.089,8.253,92636.09,97280.63,189520.33,2.75
2017-09-04,8.18,8.19,8.13,8.07,74175.68,-0.02,-0.24,8.048,8.079,8.265,73045.13,90864.32,190557.08,1.2
2017-09-01,7.93,8.16,8.15,7.81,114311.24,0.18,2.26,8.04,8.101,8.291,74464.92,93371.89,192764.48,1.84
2017-08-31,8.02,8.08,7.97,7.96,52657.33,-0.05,-0.62,8.006,8.106,8.318,67801.17,104708.79,201347.93,0.85
2017-08-30,7.97,8.03,8.02,7.91,51548.1,0.05,0.63,7.998,8.153,8.355,85109.55,135379.72,222352.84,0.83
2017-08-29,8.07,8.09,7.97,7.95,72533.3,-0.12,-1.48,8.056,8.229,8.35,101925.17,170665.97,229740.92,1.17
2017-08-28,8.0,8.18,8.09,7.97,81274.62,0.11,1.38,8.11,8.302,8.353,108683.51,207858.38,238412.13,1.31
2017-08-25,8.06,8.06,7.98,7.9,80992.5,0.05,0.63,8.162,8.357,8.313,112278.85,239372.87,236414.79,1.31
2017-08-24,8.25,8.32,7.93,7.9,139199.22,-0.38,-4.57,8.206,8.349,8.282,141616.42,249959.19,236528.08,2.24
2017-08-23,8.2,8.42,8.31,8.08,135626.2,0.07,0.85,8.308,8.395,8.244,185649.88,284159.68,231777.25,2.19
2017-08-22,8.2,8.48,8.24,8.2,106325.01,-0.11,-1.32,8.402,8.417,8.182,239406.76,281760.04,226115.68,1.71
2017-08-21,8.21,8.35,8.35,8.14,99251.34,0.15,1.83,8.494,8.45,8.124,307033.25,290249.84,222106.09,1.6
2017-08-18,8.43,8.55,8.2,8.08,227680.31,-0.24,-2.84,8.552,8.481,8.06,366466.89,292157.07,217977.98,3.67
2017-08-17,8.7,8.88,8.44,8.38,359366.56,-0.34,-3.87,8.492,8.53,8.004,358301.96,297987.06,207377.23,5.79
2017-08-16,8.72,8.9,8.78,8.46,404410.59,0.08,0.92,8.482,8.557,7.936,382669.48,309325.95,190437.73,6.52
2017-08-15,8.55,8.9,8.7,8.36,444457.44,0.06,0.69,8.432,8.471,7.852,324113.31,288815.88,171220.6,7.17
2017-08-14,7.95,8.69,8.64,7.86,396419.53,0.74,9.37,8.406,8.403,7.771,273466.42,268965.87,150115.84,6.39
2017-08-11,8.07,8.18,7.9,7.8,186855.69,-0.49,-5.84,8.41,8.268,7.694,217847.25,233456.72,132919.07,3.01
2017-08-10,8.53,8.81,8.39,8.33,481204.16,-0.14,-1.64,8.568,8.215,7.667,237672.17,223096.98,124176.34,7.76
2017-08-09,8.54,8.61,8.53,8.38,111629.74,-0.04,-0.47,8.632,8.092,7.617,235982.43,179394.82,100982.6,1.8
2017-08-08,8.53,8.85,8.57,8.53,191223.0,-0.09,-1.04,8.51,7.946,7.558,253518.45,170471.33,96415.77,3.08
2017-08-07,8.61,8.67,8.66,8.53,118323.65,-0.03,-0.34,8.4,7.797,7.499,264465.32,153962.34,88441.28,1.91
2017-08-04,8.64,8.88,8.69,8.6,285980.28,-0.02,-0.23,8.126,7.638,7.44,249066.18,143798.9,83787.7,4.61
2017-08-03,8.0,8.71,8.71,7.91,472755.47,0.79,9.97,7.862,7.477,7.384,208521.79,116767.39,71293.19,7.62
2017-08-02,7.91,8.07,7.92,7.76,199309.84,-0.1,-1.25,7.552,7.314,7.367,122807.22,71549.51,48956.49,3.21
2017-08-01,7.28,8.02,8.02,7.28,245957.36,0.73,10.01,7.382,7.232,7.388,87424.21,53625.32,40057.9,3.97
2017-07-31,7.34,7.35,7.29,7.2,41327.97,-0.08,-1.08,7.194,7.139,7.403,43459.36,31265.81,28727.69,0.67
2017-07-28,7.36,7.48,7.37,7.25,83258.29,0.21,2.93,7.15,7.119,7.452,38531.62,32381.42,27648.97,1.34
2017-07-27,7.07,7.17,7.16,7.03,44182.62,0.09,1.27,7.092,7.119,7.494,25013.0,25255.71,25470.6,0.71
2017-07-26,7.07,7.1,7.07,7.0,22394.79,-0.01,-0.14,7.076,7.141,7.554,20291.8,22570.37,24800.43,0.36
2017-07-25,7.07,7.13,7.08,7.02,26133.11,0.01,0.14,7.082,7.169,7.621,19826.44,22360.2,26229.79,0.42
2017-07-24,7.08,7.11,7.07,7.03,16689.28,-0.01,-0.14,7.084,7.201,7.682,19072.26,22920.22,26207.12,0.27
2017-07-21,7.09,7.1,7.08,7.02,15665.19,0.0,0.0,7.088,7.241,7.743,26231.22,23776.49,26784.92,0.25
2017-07-20,7.1,7.14,7.08,7.06,20576.64,-0.02,-0.28,7.146,7.291,7.801,25498.42,25818.99,27940.78,0.33
2017-07-19,7.11,7.11,7.1,6.95,20067.96,0.01,0.14,7.206,7.42,7.855,24848.94,26363.48,29449.74,0.32
2017-07-18,7.0,7.1,7.09,6.86,22362.23,0.0,0.0,7.256,7.544,7.926,24893.97,26490.48,30371.83,0.36
2017-07-17,7.37,7.37,7.09,6.8,52484.06,-0.28,-3.8,7.318,7.666,8.003,26768.18,26189.56,30973.85,0.85
2017-07-14,7.42,7.42,7.37,7.32,12001.2,-0.01,-0.14,7.394,7.784,8.081,21321.77,22916.53,30243.38,0.19
2017-07-13,7.35,7.4,7.38,7.31,17329.25,0.03,0.41,7.436,7.869,8.148,26139.55,25685.49,32225.26,0.28
2017-07-12,7.34,7.41,7.35,7.25,20293.12,-0.05,-0.68,7.634,7.966,8.213,27878.01,27030.48,33926.17,0.33
2017-07-11,7.49,7.49,7.4,7.3,31733.29,-0.07,-0.94,7.832,8.073,8.274,28087.0,30099.38,35315.06,0.51
2017-07-10,7.59,7.59,7.47,7.45,25251.97,-0.11,-1.45,8.014,8.162,8.341,25610.94,29494.03,36135.98,0.41
2017-07-07,7.51,7.7,7.58,7.43,36090.13,0.06,0.8,8.174,8.244,8.402,24511.29,29793.36,37571.32,0.58
2017-07-06,8.35,8.4,8.37,8.27,26021.55,0.03,0.36,8.302,8.31,8.457,25231.42,30062.58,39913.45,0.46
2017-07-05,8.33,8.35,8.34,8.25,21338.05,0.03,0.36,8.298,8.289,8.482,26182.96,32536.0,43706.74,0.38
2017-07-04,8.28,8.35,8.31,8.28,19353.0,0.04,0.48,8.314,8.307,8.518,32111.77,34253.18,48644.01,0.34
2017-07-03,8.19,8.28,8.27,8.16,19753.72,0.05,0.61,8.31,8.339,8.551,33377.11,35758.14,54324.78,0.35
2017-06-30,8.37,8.38,8.22,8.18,39690.8,-0.13,-1.56,8.314,8.377,8.594,35075.43,37570.24,64559.58,0.7
2017-06-29,8.36,8.4,8.35,8.28,30779.22,-0.07,-0.83,8.318,8.427,8.626,34893.74,38765.03,67985.23,0.55
2017-06-28,8.27,8.5,8.42,8.16,50982.1,0.13,1.57,8.28,8.46,8.611,38889.04,40821.85,67474.77,0.9
2017-06-27,8.29,8.33,8.29,8.22,25679.73,0.0,0.0,8.3,8.475,8.594,36394.59,40530.74,65687.29,0.46
2017-06-26,8.2,8.29,8.29,8.15,28245.28,0.05,0.61,8.368,8.52,8.585,38139.16,42777.94,65189.71,0.5
2017-06-23,8.16,8.26,8.24,8.03,38782.38,0.08,0.98,8.44,8.56,8.581,40065.04,45349.29,64713.64,0.69
2017-06-22,8.52,8.57,8.16,8.16,50755.73,-0.36,-4.22,8.536,8.603,8.58,42636.31,49764.32,63644.39,0.9
2017-06-21,8.66,8.67,8.52,8.49,38509.83,-0.11,-1.27,8.64,8.675,8.583,42754.66,54877.48,62891.04,0.68
2017-06-20,8.63,8.68,8.63,8.57,34402.57,-0.02,-0.23,8.65,8.728,8.573,44666.89,63034.83,62653.55,0.61
2017-06-19,8.72,8.72,8.65,8.61,37874.71,-0.07,-0.8,8.672,8.763,8.566,47416.72,72891.42,63526.15,0.67
2017-06-16,8.65,8.75,8.72,8.58,51638.71,0.04,0.46,8.68,8.811,8.542,50633.54,91548.92,62521.63,0.92
2017-06-15,8.65,8.7,8.68,8.5,51347.46,0.11,1.28,8.67,8.825,8.521,56892.34,97205.44,61209.89,0.91
2017-06-14,8.74,8.79,8.57,8.55,48071.0,-0.17,-1.95,8.71,8.762,8.504,67000.29,94127.7,59923.94,0.85
2017-06-13,8.59,8.75,8.74,8.53,48151.73,0.05,0.57,8.806,8.713,8.484,81402.78,90843.85,58330.99,0.85
2017-06-12,8.65,8.85,8.69,8.62,53958.8,0.02,0.23,8.854,8.649,8.456,98366.11,87601.48,56626.82,0.96
2017-06-09,8.81,8.81,8.67,8.59,82932.69,-0.21,-2.37,8.942,8.602,8.436,132464.3,84077.99,55564.77,1.47
2017-06-08,9.0,9.07,8.88,8.85,101887.25,-0.17,-1.88,8.98,8.557,8.421,137518.55,77524.46,52781.13,1.81
2017-06-07,8.99,9.12,9.05,8.81,120083.41,0.07,0.78,8.814,8.491,8.403,121255.1,70904.6,48935.87,2.13
2017-06-06,9.3,9.3,8.98,8.85,132968.41,-0.15,-1.64,8.62,8.417,8.371,100284.92,62272.26,44375.09,2.36
2017-06-05,9.1,9.47,9.13,9.01,224449.72,0.27,3.05,8.444,8.369,8.348,76836.84,54160.89,40115.21,3.98
2017-06-02,8.05,8.86,8.86,7.84,108203.95,0.81,10.06,8.262,8.273,8.31,35691.69,33494.33,30163.41,1.92
2017-06-01,8.08,8.1,8.05,7.83,20570.01,-0.03,-0.37,8.134,8.217,8.284,17530.38,25214.34,25848.01,0.36
2017-05-31,8.21,8.24,8.08,8.05,15232.51,-0.02,-0.25,8.168,8.245,8.299,20554.1,25720.19,26250.89,0.27
2017-05-26,8.19,8.27,8.1,8.1,15728.0,-0.12,-1.46,8.214,8.255,8.309,24259.61,25818.14,26651.14,0.28
2017-05-25,8.21,8.28,8.22,8.09,18723.97,0.0,0.0,8.294,8.263,8.316,31484.94,25652.17,28779.94,0.33
2017-05-24,8.11,8.26,8.22,8.0,17397.4,0.0,0.0,8.284,8.27,8.318,31296.98,27051.56,29006.23,0.31
2017-05-23,8.28,8.28,8.22,7.92,35688.6,-0.09,-1.08,8.3,8.285,8.32,32898.31,28037.79,29895.01,0.63
2017-05-22,8.42,8.63,8.31,8.27,33760.07,-0.19,-2.23,8.322,8.314,8.324,30886.28,26967.15,30779.18,0.6
2017-05-19,8.14,8.69,8.5,8.11,51854.67,0.33,4.04,8.296,8.325,8.349,27376.67,26477.91,30690.17,0.92
2017-05-18,8.16,8.31,8.17,8.1,17784.15,-0.13,-1.57,8.232,8.326,8.364,19819.39,26069.53,30254.43,0.32
2017-05-17,8.33,8.39,8.3,8.26,25404.05,-0.03,-0.36,8.256,8.346,8.392,22806.14,26832.48,32756.03,0.45
2017-05-16,8.16,8.34,8.33,7.98,25628.46,0.15,1.83,8.27,8.351,8.43,23177.27,26481.68,33215.91,0.45
2017-05-15,8.28,8.29,8.18,8.08,16212.0,0.0,0.0,8.306,8.352,8.475,23048.02,26781.6,33947.75,0.29
2017-05-12,8.2,8.28,8.18,8.08,14068.29,-0.11,-1.33,8.354,8.363,8.53,25579.15,27484.15,35598.01,0.25
2017-05-11,8.3,8.35,8.29,7.8,32717.89,-0.08,-0.96,8.42,8.368,8.599,32319.67,31907.72,37771.37,0.58
2017-05-10,8.51,8.64,8.37,8.33,27259.7,-0.14,-1.65,8.436,8.366,8.664,30858.83,30960.89,40105.35,0.48
2017-05-09,8.32,8.55,8.51,8.29,24982.21,0.09,1.07,8.432,8.355,8.716,29786.09,31752.24,43259.59,0.44
2017-05-08,8.55,8.57,8.42,8.34,28867.68,-0.09,-1.06,8.398,8.334,8.766,30515.18,34591.22,46343.22,0.51
2017-05-05,8.33,8.58,8.51,8.3,47770.87,0.14,1.67,8.372,8.373,8.838,29389.14,34902.44,48858.99,0.85
2017-05-04,8.35,8.4,8.37,8.22,25413.69,0.02,0.24,8.316,8.402,8.908,31495.77,34439.33,48562.52,0.45
2017-05-03,8.31,8.4,8.35,8.27,21896.0,0.01,0.12,8.296,8.438,8.984,31062.96,38679.59,50281.21,0.39
2017-05-02,8.33,8.43,8.34,8.28,28627.67,0.05,0.6,8.278,8.508,9.058,33718.38,39950.13,51273.95,0.51
2017-04-28,8.18,8.31,8.29,8.18,23237.47,0.06,0.73,8.27,8.598,9.131,38667.26,41113.91,55233.65,0.41
2017-04-27,8.29,8.3,8.23,7.88,58304.0,-0.04,-0.48,8.374,8.697,9.232,40415.73,43711.88,57919.67,1.03
2017-04-26,8.31,8.39,8.27,8.23,23249.65,0.01,0.12,8.488,8.83,9.345,37382.9,43635.03,61709.79,0.41
2017-04-25,8.31,8.46,8.26,8.17,35173.12,-0.04,-0.48,8.58,8.962,9.445,46296.21,49249.81,64291.92,0.62
2017-04-24,8.79,8.79,8.3,8.06,53372.04,-0.51,-5.79,8.738,9.076,9.547,46181.88,54766.94,66054.3,0.95
2017-04-21,8.8,8.93,8.81,8.74,31979.86,0.01,0.11,8.926,9.198,9.646,43560.56,58095.23,68103.69,0.57
2017-04-20,8.74,8.84,8.8,8.51,43139.83,0.07,0.8,9.02,9.302,9.72,47008.03,62815.54,71768.45,0.77
2017-04-19,9.0,9.02,8.73,8.51,67816.21,-0.32,-3.54,9.172,9.413,9.791,49887.16,62685.7,73623.18,1.2
2017-04-18,9.31,9.32,9.05,9.03,34601.47,-0.19,-2.06,9.344,9.529,9.864,52203.4,61882.83,76293.58,0.61
2017-04-17,9.22,9.32,9.24,9.19,40265.43,-0.04,-0.43,9.414,9.607,9.906,63351.99,62597.76,77201.18,0.71
2017-04-14,9.49,9.56,9.28,9.28,49217.2,-0.28,-2.93,9.47,9.663,9.943,72629.89,69353.38,77722.93,0.87
2017-04-13,9.43,9.73,9.56,9.33,57535.48,-0.03,-0.31,9.584,9.766,9.971,78623.06,72127.47,78058.35,1.02
2017-04-12,9.39,9.88,9.59,9.29,79397.43,0.19,2.02,9.654,9.859,9.987,75484.24,79784.55,78025.3,1.41
2017-04-11,9.52,9.56,9.4,9.19,90344.4,-0.12,-1.26,9.714,9.928,10.006,71562.26,79334.04,76639.3,1.6
2017-04-10,9.86,9.9,9.52,9.5,86654.94,-0.33,-3.35,9.8,10.017,10.034,61843.54,77341.67,73967.31,1.54
2017-04-07,9.88,10.04,9.85,9.8,79183.05,-0.06,-0.6,9.856,10.093,10.057,66076.88,78112.16,72720.2,1.4
2017-04-06,9.89,9.95,9.91,9.86,41841.4,0.02,0.2,9.948,10.138,10.071,65631.87,80721.36,72561.26,0.74
2017-04-05,10.0,10.0,9.89,9.83,59787.49,0.06,0.61,10.064,10.169,10.079,84084.86,84560.66,73322.11,1.06
2017-03-31,9.82,10.0,9.83,9.8,41750.8,0.03,0.31,10.142,10.198,10.089,87105.81,90704.33,74294.78,0.74
2017-03-30,10.24,10.28,9.8,9.8,107821.65,-0.51,-4.95,10.234,10.205,10.097,92839.8,91804.59,77090.99,1.91
2017-03-29,10.47,10.5,10.31,10.3,76958.03,-0.18,-1.72,10.33,10.222,10.101,90147.44,86092.48,74611.91,1.37
2017-03-28,10.23,10.59,10.49,10.23,134106.31,0.21,2.04,10.328,10.176,10.085,95810.85,83989.24,74300.07,2.38
2017-03-27,10.27,10.42,10.28,10.16,74892.28,-0.01,-0.1,10.274,10.115,10.056,85036.47,76266.06,72078.88,1.33
2017-03-24,10.24,10.35,10.29,10.12,70420.72,0.01,0.1,10.254,10.083,10.042,94302.85,73944.56,73678.05,1.25
2017-03-23,10.26,10.39,10.28,10.21,94359.88,-0.02,-0.19,10.176,10.051,10.034,90769.39,70592.95,74940.95,1.67
2017-03-22,10.15,10.37,10.3,10.11,105275.08,0.08,0.78,10.114,10.02,10.021,82037.52,67328.24,74628.73,1.87
2017-03-21,10.15,10.24,10.22,10.11,80234.37,0.04,0.39,10.024,10.003,10.011,72167.63,64401.17,74097.2,1.42
2017-03-20,9.87,10.2,10.18,9.85,121224.21,0.28,2.83,9.956,9.989,10.003,67495.65,62083.56,74220.7,2.15
2017-03-17,9.97,9.99,9.9,9.88,52753.4,-0.07,-0.7,9.912,9.979,9.994,53586.26,57885.22,73217.34,0.94
2017-03-16,9.86,9.97,9.97,9.86,50700.55,0.12,1.22,9.926,9.988,9.995,50416.5,62377.38,77679.54,0.9
2017-03-15,9.84,9.89,9.85,9.76,55925.6,-0.03,-0.3,9.926,9.98,10.011,52618.95,63131.33,82377.39,0.99
2017-03-14,9.97,10.0,9.88,9.88,56874.49,-0.08,-0.8,9.982,9.993,10.034,56634.7,64610.9,90616.1,1.01
2017-03-13,10.02,10.02,9.96,9.9,51677.26,-0.01,-0.1,10.022,9.997,10.076,56671.47,67891.71,96070.32,0.92
2017-03-10,9.98,10.03,9.97,9.93,36904.61,0.0,0.0,10.046,10.0,10.128,62184.19,73411.55,100714.8,0.65
2017-03-09,10.13,10.15,9.97,9.92,61712.8,-0.16,-1.58,10.05,10.016,10.174,74338.26,79288.95,111375.91,1.09
2017-03-08,10.11,10.18,10.13,10.07,76004.36,0.05,0.5,10.034,10.022,10.237,73643.71,81929.23,125216.47,1.35
2017-03-07,10.06,10.16,10.08,10.01,57058.33,0.0,0.0,10.004,10.018,10.283,72587.09,83793.24,135570.32,1.01
2017-03-06,10.0,10.2,10.08,9.99,79240.83,0.09,0.9,9.972,10.016,10.339,79111.95,86357.83,149010.57,1.41
2017-03-03,9.94,10.11,9.99,9.76,97675.0,0.1,1.01,9.954,10.008,10.39,84638.91,88549.46,158963.11,1.73
2017-03-02,9.98,10.03,9.89,9.88,58240.01,-0.09,-0.9,9.982,10.001,10.44,84239.64,92981.7,165762.94,1.03
2017-03-01,9.92,10.05,9.98,9.88,70721.28,0.06,0.6,10.01,10.042,10.49,90214.75,101623.45,162851.19,1.25
2017-02-28,9.99,10.05,9.92,9.84,89682.64,-0.07,-0.7,10.032,10.074,10.535,94999.4,116621.3,173803.45,1.59
2017-02-27,10.18,10.3,9.99,9.98,106875.62,-0.14,-1.38,10.06,10.154,10.586,93603.71,124248.94,196021.37,1.9
2017-02-24,10.01,10.24,10.13,9.96,95678.63,0.1,1.0,10.062,10.255,10.694,92460.0,128018.04,227010.3,1.7
2017-02-23,10.03,10.15,10.03,9.99,88115.6,-0.06,-0.59,10.02,10.332,10.772,101723.77,143462.87,255714.46,1.56
2017-02-22,10.04,10.13,10.09,9.95,94644.5,0.03,0.3,10.074,10.451,10.838,113032.14,168503.71,267482.32,1.68
2017-02-21,10.01,10.1,10.06,9.96,82704.22,0.06,0.6,10.116,10.548,10.85,138243.21,187347.4,269339.84,1.47
2017-02-20,9.95,10.07,10.0,9.81,101157.07,0.08,0.81,10.248,10.661,10.817,154894.16,211663.31,266282.71,1.79
2017-02-17,10.26,10.34,9.92,9.91,141997.47,-0.38,-3.69,10.448,10.772,10.79,163576.08,229376.75,262755.69,2.52
2017-02-16,10.24,10.36,10.3,10.07,144657.45,0.0,0.0,10.644,10.878,10.76,185201.96,238544.18,257044.45,2.57
2017-02-15,10.7,10.8,10.3,10.23,220699.84,-0.42,-3.92,10.828,10.937,10.726,223975.27,224078.93,251054.38,3.91
2017-02-14,11.0,11.0,10.72,10.65,165958.97,-0.28,-2.54,10.98,10.996,10.698,236451.58,230985.59,241819.31,2.94
2017-02-13,10.89,11.05,11.0,10.81,144566.69,0.1,0.92,11.074,11.018,10.667,268432.46,267793.8,235413.87,2.56
2017-02-10,11.17,11.2,10.9,10.8,250126.84,-0.32,-2.85,11.096,11.133,10.619,295177.42,326002.55,230465.58,4.44
2017-02-09,10.98,11.34,11.22,10.95,338524.03,0.16,1.45,11.112,11.211,10.59,291886.39,367966.06,218709.81,6.0
2017-02-08,11.07,11.11,11.06,10.76,283081.38,-0.13,-1.16,11.046,11.225,10.544,224182.59,366460.94,202969.45,5.02
2017-02-07,11.05,11.23,11.19,10.86,325863.34,0.08,0.72,11.012,11.152,10.509,225519.61,351332.28,190011.13,5.78
2017-02-06,10.93,11.16,11.11,10.77,278291.53,0.13,1.18,10.962,10.972,10.468,267155.15,320902.12,175055.44,4.94
2017-02-03,10.85,11.08,10.98,10.69,233671.69,0.09,0.83,11.17,10.808,10.426,356827.68,296134.62,162063.49,4.14
2017-02-02,10.89,10.89,10.89,10.89,5.0,0.0,0.0,11.31,10.642,10.385,444045.73,275544.72,152020.89,0.0
2017-01-26,10.9,11.2,10.89,10.75,289766.47,-0.05,-0.46,11.404,10.514,10.35,508739.28,278029.83,153480.09,5.14
2017-01-25,11.66,11.85,10.94,10.94,534041.06,-1.21,-9.96,11.292,10.4,10.309,477144.95,252653.02,139678.02,9.47
2017-01-24,11.41,12.85,12.15,11.17,726654.19,0.47,4.02,10.982,10.315,10.268,374649.09,203033.93,113793.48,12.89
2017-01-23,11.5,12.3,11.68,11.33,669761.94,0.32,2.82,10.446,10.105,10.161,235441.55,134928.6,78583.86,11.88
2017-01-20,11.36,11.36,11.36,11.31,323472.75,1.03,9.97,9.974,9.969,10.075,107043.7,69453.56,46266.94,5.74
2017-01-19,9.36,10.33,10.33,9.08,131794.81,0.94,10.01,9.624,9.863,10.02,47320.38,39477.96,31987.19,2.34
2017-01-18,9.47,9.54,9.39,9.25,21561.74,-0.08,-0.84,9.508,9.866,10.014,28161.1,28689.99,26771.5,0.38
2017-01-17,9.32,9.57,9.47,9.03,30616.53,0.15,1.61,9.648,9.963,10.047,31418.77,29208.76,26828.61,0.54
2017-01-16,9.61,9.7,9.32,8.7,27772.66,-0.29,-3.02,9.764,10.044,10.071,34415.65,27992.37,26475.42,0.49
2017-01-13,9.74,9.83,9.61,9.56,24856.15,-0.14,-1.44,9.964,10.127,10.106,31863.42,28497.06,26799.03,0.44
2017-01-12,10.05,10.14,9.75,9.7,35998.4,-0.34,-3.37,10.102,10.185,10.114,31635.54,28930.34,26847.11,0.64
2017-01-11,10.0,10.25,10.09,9.91,37850.13,0.04,0.4,10.224,10.217,10.106,29218.88,26703.03,26773.04,0.67
2017-01-10,10.42,10.42,10.05,9.97,45600.91,-0.27,-2.62,10.278,10.22,10.088,26998.75,24553.04,27914.07,0.81
2017-01-09,10.3,10.35,10.32,10.21,15011.51,0.02,0.19,10.324,10.216,10.076,21569.09,22239.13,30117.64,0.27
2017-01-06,10.33,10.39,10.3,10.2,23716.75,-0.06,-0.58,10.29,10.181,10.103,25130.69,23080.32,34433.61,0.42
2017-01-05,10.36,10.47,10.36,10.25,23915.1,0.0,0.0,10.268,10.176,10.139,26225.14,24496.42,38429.69,0.42
2017-01-04,10.2,10.42,10.36,10.18,26749.47,0.08,0.78,10.21,10.161,10.19,24187.17,24853.0,48644.39,0.47
2017-01-03,10.23,10.3,10.28,10.14,18452.63,0.13,1.28,10.162,10.131,10.223,22107.33,24448.45,49681.94,0.33
2016-12-30,10.19,10.36,10.15,10.1,32819.5,-0.04,-0.39,10.108,10.097,10.258,22909.16,24958.47,52319.93,0.58
2016-12-29,10.12,10.33,10.19,9.99,29189.0,0.12,1.19,10.072,10.084,10.292,21029.95,25101.0,54033.96,0.51
2016-12-28,10.12,10.18,10.07,10.0,13725.26,-0.05,-0.49,10.084,10.043,10.33,22767.69,24763.87,58575.26,0.24
2016-12-27,10.01,10.33,10.12,9.97,16350.25,0.11,1.1,10.112,9.994,10.386,25518.83,26843.06,67552.77,0.29
2016-12-26,9.9,10.15,10.01,9.8,22461.8,0.04,0.4,10.1,9.955,10.477,26789.57,31275.11,84311.2,0.4
2016-12-23,10.25,10.3,9.97,9.89,23423.42,-0.28,-2.73,10.086,9.936,10.537,27007.77,37996.15,84969.83,0.41
2016-12-22,10.28,10.47,10.25,10.16,37877.72,0.04,0.39,10.096,10.025,10.608,29172.05,45786.9,86624.33,0.67
2016-12-21,10.57,10.58,10.21,10.08,27480.98,0.15,1.49,10.002,10.101,10.673,26760.06,52362.96,88553.23,0.48
2016-12-20,9.99,10.08,10.06,9.93,22703.94,0.12,1.21,9.876,10.219,10.737,28167.28,72435.77,91660.54,0.4
2016-12-19,9.97,10.12,9.94,9.88,23552.78,-0.08,-0.8,9.81,10.314,10.808,35760.64,74915.44,94200.5,0.42
2016-12-16,9.78,10.05,10.02,9.71,34244.83,0.24,2.45,9.786,10.418,10.887,48984.52,79681.39,100691.72,0.6
2016-12-15,9.6,9.8,9.78,9.58,25817.75,0.2,2.09,9.954,10.499,10.931,62401.75,82966.92,100825.77,0.46
2016-12-14,9.71,9.79,9.58,9.53,34517.12,-0.15,-1.54,10.2,10.617,10.999,77965.87,92386.64,101262.38,0.61
2016-12-13,9.7,9.88,9.73,9.42,60670.74,-0.09,-0.92,10.562,10.778,11.082,116704.25,108262.49,102182.51,1.07
2016-12-12,10.85,10.99,9.82,9.77,89672.18,-1.04,-9.58,10.818,10.999,11.154,114070.23,137347.28,101685.19,1.58
2016-12-09,11.02,11.09,10.86,10.78,101330.95,-0.15,-1.36,11.05,11.138,11.216,110378.26,131943.52,100234.73,1.79
2016-12-08,11.27,11.37,11.01,10.98,103638.37,-0.38,-3.34,11.044,11.19,11.225,103532.1,127461.77,98140.29,1.83
2016-12-07,10.93,11.97,11.39,10.83,228209.02,0.38,3.45,11.034,11.244,11.226,106807.41,124743.49,95843.61,4.03
2016-12-06,10.9,11.13,11.01,10.9,47500.62,0.03,0.27,10.994,11.254,11.199,99820.72,110885.32,87560.59,0.84
2016-12-05,10.77,11.05,10.98,10.52,71212.35,0.15,1.39,11.18,11.301,11.183,160624.34,113485.57,86634.53,1.26
2016-12-02,10.89,11.07,10.83,10.77,67100.12,-0.13,-1.19,11.226,11.356,11.171,153508.78,121702.04,84559.59,1.18
2016-12-01,11.1,11.22,10.96,10.86,120014.92,-0.23,-2.06,11.336,11.363,11.166,151391.44,118684.61,82384.39,2.12
2016-11-30,11.4,11.4,11.19,11.02,193275.58,-0.75,-6.28,11.454,11.38,11.153,142679.58,110138.12,78699.6,3.41
2016-11-29,11.4,12.33,11.94,11.3,351518.72,0.73,6.51,11.514,11.386,11.13,121949.92,96102.53,71799.42,6.2
2016-11-28,11.47,11.47,11.21,11.19,35634.57,-0.17,-1.49,11.422,11.309,11.081,66346.8,66023.1,56098.8,0.63
2016-11-25,11.48,11.55,11.38,11.03,56513.43,-0.17,-1.47,11.486,11.293,11.061,89895.31,68525.93,55696.63,1.0
2016-11-24,11.45,11.84,11.55,11.4,76455.6,0.06,0.52,11.39,11.259,11.038,85977.78,68818.82,54118.85,1.35
2016-11-23,11.48,11.65,11.49,11.3,89627.27,0.01,0.09,11.306,11.207,11.011,77596.66,66943.72,51936.63,1.58
2016-11-22,11.63,11.65,11.48,11.37,73503.15,-0.05,-0.43,11.258,11.144,10.992,70255.15,64235.86,49266.67,1.3
2016-11-21,10.9,11.99,11.53,10.88,153377.08,0.63,5.78,11.196,11.064,10.969,65699.4,59783.48,47354.73,2.71
2016-11-18,11.07,11.16,10.9,10.86,36925.81,-0.23,-2.07,11.1,10.986,10.947,47156.56,47417.14,41884.78,0.65
2016-11-17,11.25,11.27,11.13,11.04,34550.0,-0.12,-1.07,11.128,10.968,10.951,51659.86,46084.18,42858.96,0.61
2016-11-16,11.16,11.38,11.25,11.06,52919.7,0.08,0.72,11.108,10.925,10.942,56290.78,47261.08,44851.16,0.93
2016-11-15,11.06,11.25,11.17,11.0,50724.4,0.12,1.09,11.03,10.873,10.92,58216.57,47496.31,44831.43,0.89
2016-11-14,10.94,11.1,11.05,10.84,60662.9,0.01,0.09,10.932,10.852,10.924,53867.56,46174.49,44363.7,1.07
2016-11-11,10.94,11.05,11.04,10.8,59442.28,0.01,0.09,10.872,10.828,10.946,47677.72,42867.34,43954.34,1.05
2016-11-10,10.84,11.1,11.03,10.83,57704.64,0.17,1.56,10.808,10.817,10.969,40508.5,39418.87,43525.28,1.02
2016-11-09,10.7,10.93,10.86,10.67,62548.62,0.18,1.69,10.742,10.815,11.002,38231.37,36929.54,46986.69,1.1
2016-11-08,10.79,10.8,10.68,10.68,28979.36,-0.07,-0.65,10.716,10.839,11.035,36776.05,34297.49,47124.02,0.51
2016-11-07,10.8,10.86,10.75,10.7,29713.7,0.03,0.28,10.772,10.873,11.076,38481.43,34925.98,48598.44,0.52
2016-11-04,10.67,10.78,10.72,10.62,23596.17,0.02,0.19,10.784,10.907,11.123,38056.95,36352.42,52332.88,0.42
2016-11-03,10.68,10.79,10.7,10.6,46319.01,-0.03,-0.28,10.826,10.933,11.154,38329.25,39633.75,53220.31,0.82
2016-11-02,10.95,11.03,10.73,10.65,55272.02,-0.31,-2.81,10.888,10.959,11.185,35627.7,42441.25,52534.28,0.97
2016-10-28,10.8,11.03,10.96,10.76,37506.24,0.15,1.39,10.962,10.966,11.217,31818.92,42166.55,52832.6,0.66
2016-10-27,10.94,11.0,10.81,10.78,27591.31,-0.12,-1.1,10.974,10.995,11.243,31370.53,42552.91,54080.33,0.49
2016-10-26,10.97,11.16,10.93,10.91,24957.65,-0.08,-0.73,11.03,11.064,11.268,34647.89,45041.35,57512.02,0.44
2016-10-25,11.1,11.14,11.01,10.9,32811.28,-0.09,-0.81,11.04,11.12,11.291,40938.25,47631.68,62070.04,0.58
2016-10-24,11.01,11.18,11.1,10.85,36228.14,0.08,0.73,11.03,11.189,11.273,49254.79,57043.84,61998.87,0.64
2016-10-21,11.1,11.14,11.02,10.78,35264.29,-0.07,-0.63,10.97,11.23,11.245,52514.17,59950.55,62439.07,0.62
2016-10-20,11.0,11.17,11.09,10.88,43978.09,0.11,1.0,11.016,11.279,11.217,53735.28,62270.9,62877.65,0.78
2016-10-19,10.88,11.0,10.98,10.79,56409.43,0.02,0.18,11.098,11.339,11.19,55434.82,68313.33,62958.66,0.99
2016-10-18,10.79,11.01,10.96,10.78,74394.02,0.16,1.48,11.2,11.375,11.166,54325.12,66806.86,62732.17,1.31
2016-10-17,11.21,11.35,10.8,10.78,52525.0,-0.45,-4.0,11.348,11.41,11.173,64832.88,62627.31,62172.81,0.93
2016-10-14,11.42,11.47,11.25,11.19,41369.86,-0.25,-2.17,11.49,11.467,11.201,67386.94,63498.65,62815.65,0.73
2016-10-13,11.4,11.6,11.5,11.25,52475.77,0.01,0.09,11.542,11.49,11.211,70806.52,65607.75,65188.6,0.93
2016-10-12,11.66,11.68,11.49,11.41,50860.95,-0.21,-1.79,11.58,11.472,11.219,81191.85,69982.68,70246.63,0.9
2016-10-11,11.54,12.2,11.7,11.25,126932.81,0.19,1.65,11.55,11.461,11.199,79288.61,76508.39,71989.04,2.24
2016-10-10,11.49,11.62,11.51,11.31,65295.31,0.0,0.0,11.472,11.356,11.154,60421.75,66953.91,67806.59,1.15
2016-09-30,11.59,11.88,11.51,11.5,58467.77,-0.18,-1.54,11.444,11.26,11.119,59610.36,64927.6,69431.41,1.03
2016-09-29,11.31,11.8,11.69,11.08,104402.4,0.35,3.09,11.438,11.154,11.083,60408.97,63484.39,70884.18,1.84
2016-09-28,11.32,11.63,11.34,11.01,41344.75,0.03,0.27,11.364,11.04,11.024,58773.51,57603.98,68714.38,0.73
2016-09-27,11.37,11.37,11.31,10.93,32598.5,-0.06,-0.53,11.372,10.956,10.99,73728.17,58657.48,71691.63,0.57
2016-09-26,11.48,11.68,11.37,11.26,61238.36,-0.11,-0.96,11.24,10.935,10.973,73486.07,61718.31,78225.83,1.08
2016-09-23,11.32,11.6,11.48,11.19,62460.83,0.16,1.41,11.076,10.934,10.953,70244.84,62132.66,82834.94,1.1
2016-09-22,11.39,11.56,11.32,11.13,96225.13,-0.06,-0.53,10.87,10.931,10.891,66559.82,64769.45,81617.07,1.7
2016-09-21,10.62,11.5,11.38,10.55,116118.01,0.73,6.85,10.716,10.965,10.824,56434.45,70510.58,77632.56,2.05
2016-09-20,10.55,10.66,10.65,10.34,31388.04,0.1,0.95,10.54,10.937,10.754,43586.79,67469.69,72948.91,0.55
2016-09-19,10.43,10.63,10.55,10.4,45032.17,0.1,0.96,10.63,10.951,10.727,49950.54,68659.28,72989.15,0.79
2016-09-14,10.43,10.71,10.45,10.37,44035.73,-0.1,-0.95,10.792,10.978,10.712,54020.49,73935.22,72545.66,0.78
2016-09-13,10.5,10.65,10.55,10.23,45598.32,0.05,0.48,10.992,11.011,10.694,62979.08,78283.98,71592.08,0.8
2016-09-12,10.73,10.92,10.5,10.45,51879.68,-0.6,-5.41,11.214,11.007,10.67,84586.71,79824.78,71190.01,0.92
2016-09-09,11.51,11.56,11.1,11.06,63206.8,-0.26,-2.29,11.334,11.024,10.64,91352.59,84725.79,70027.94,1.11
2016-09-08,11.5,11.51,11.36,11.21,65381.91,-0.09,-0.79,11.272,11.011,10.575,87368.02,94733.36,68383.04,1.15
2016-09-07,11.64,11.76,11.45,11.31,88828.67,-0.21,-1.8,11.164,10.971,10.484,93849.94,103537.23,65902.6,1.57
2016-09-06,11.01,11.85,11.66,11.0,153636.5,0.56,5.04,11.03,10.85,10.398,93588.88,98464.7,62610.67,2.71
2016-09-05,10.85,11.33,11.1,10.8,85709.08,0.31,2.87,10.8,10.682,10.296,75062.84,84754.53,55592.78,1.51
2016-09-02,10.71,10.97,10.79,10.7,43283.92,-0.03,-0.28,10.714,10.57,10.221,78098.98,78428.13,52118.73,0.76
2016-09-01,10.79,11.1,10.82,10.7,97791.54,0.04,0.37,10.75,10.503,10.153,102098.71,77319.01,50527.51,1.72
2016-08-31,10.55,10.95,10.78,10.46,87523.35,0.27,2.57,10.778,10.445,10.084,113224.51,71156.1,46162.8,1.54
2016-08-30,10.65,10.69,10.51,10.41,61006.32,-0.16,-1.5,10.67,10.377,10.014,103340.53,64900.18,42435.04,1.08
2016-08-29,10.85,11.27,10.67,10.59,100889.78,-0.3,-2.73,10.564,10.332,9.96,94446.21,62555.23,40145.58,1.78
2016-08-26,10.7,11.35,10.97,10.6,163282.55,0.01,0.09,10.426,10.255,9.896,78757.28,55330.1,35948.18,2.88
2016-08-25,10.27,11.26,10.96,10.12,153420.55,0.72,7.03,10.256,10.139,9.822,52539.32,42032.71,28707.89,2.71
2016-08-24,9.98,10.24,10.24,9.92,38103.44,0.26,2.6,10.112,9.996,9.757,29087.69,28267.97,22763.35,0.67
2016-08-23,9.92,10.06,9.98,9.87,16534.74,0.0,0.0,10.084,9.945,9.729,26459.83,26756.63,24012.78,0.29
2016-08-22,10.12,10.24,9.98,9.96,22445.1,-0.14,-1.38,10.1,9.91,9.75,30664.26,26431.03,25334.81,0.4
2016-08-19,10.18,10.37,10.12,10.1,32192.77,-0.12,-1.17,10.084,9.872,9.769,31902.93,25809.33,26122.74,0.57
2016-08-18,10.05,10.38,10.24,10.0,36162.39,0.14,1.39,10.022,9.803,9.769,31526.1,23736.01,25770.64,0.64
2016-08-17,10.09,10.28,10.1,10.06,24964.15,0.04,0.4,9.88,9.723,9.77,27448.26,21169.5,25478.3,0.44
2016-08-16,10.41,10.41,10.06,10.0,37556.87,0.16,1.62,9.806,9.651,9.778,27053.43,19969.91,25844.19,0.66
2016-08-15,9.85,9.96,9.9,9.7,28638.47,0.09,0.92,9.72,9.588,9.796,22197.81,17735.93,26454.29,0.51
2016-08-12,9.42,9.95,9.81,9.42,30308.6,0.28,2.94,9.66,9.536,9.806,19715.73,16566.26,26337.02,0.53
2016-08-11,9.7,9.83,9.53,9.51,15773.2,-0.2,-2.06,9.584,9.505,9.828,15945.92,15383.06,26523.65,0.28
2016-08-10,9.63,9.86,9.73,9.58,22990.02,0.1,1.04,9.566,9.518,9.874,14890.74,17258.73,28945.56,0.41
2016-08-09,9.65,9.67,9.63,9.51,13278.76,0.03,0.31,9.496,9.513,9.898,12886.38,21268.92,29948.6,0.23
2016-08-08,9.43,9.68,9.6,9.32,16228.08,0.17,1.8,9.456,9.59,9.922,13274.05,24238.58,31342.73,0.29
2016-08-05,9.41,9.48,9.43,9.36,11459.53,-0.01,-0.11,9.412,9.665,9.95,13416.79,26436.16,32551.95,0.2
2016-08-04,9.36,9.44,9.44,9.32,10497.29,0.06,0.64,9.426,9.735,9.991,14820.21,27805.28,33527.95,0.19
2016-08-03,9.43,9.51,9.38,9.31,12968.25,-0.05,-0.53,9.47,9.817,10.03,19626.73,29787.11,36011.7,0.23
2016-08-02,9.38,9.49,9.43,9.31,15217.09,0.05,0.53,9.53,9.904,10.076,29651.46,31718.47,38387.6,0.27
2016-08-01,9.58,9.58,9.38,9.26,16941.78,-0.12,-1.26,9.724,10.004,10.129,35203.12,35172.66,43390.58,0.3
2016-07-29,9.68,9.88,9.5,9.44,18476.65,-0.16,-1.66,9.918,10.076,10.157,39455.53,36107.78,45620.59,0.33
2016-07-28,9.58,9.73,9.66,9.48,34529.9,-0.02,-0.21,10.044,10.151,10.165,40790.34,37664.23,46242.54,0.61
2016-07-27,10.36,10.46,9.68,9.67,63091.87,-0.72,-6.92,10.164,10.23,10.164,39947.49,40632.38,46248.44,1.11
2016-07-26,10.35,10.53,10.4,10.33,42975.39,0.05,0.48,10.278,10.283,10.157,33785.48,38628.28,44713.5,0.76
2016-07-25,10.13,10.43,10.35,10.09,38203.82,0.22,2.17,10.284,10.253,10.11,35142.2,38446.87,44434.99,0.67
2016-07-22,10.3,10.34,10.13,10.1,25150.73,-0.13,-1.27,10.234,10.235,10.06,32760.03,38667.75,43893.94,0.44
2016-07-21,10.25,10.39,10.26,10.21,30315.64,0.01,0.1,10.258,10.247,10.008,34538.12,39250.63,45206.89,0.53
2016-07-20,10.4,10.42,10.25,10.22,32281.83,-0.18,-1.73,10.296,10.243,9.969,41317.26,42236.29,45026.94,0.57
2016-07-19,10.14,10.45,10.43,10.13,49758.98,0.33,3.27,10.288,10.248,9.937,43471.07,45056.73,45033.61,0.88
2016-07-18,10.21,10.26,10.1,9.93,26292.99,-0.15,-1.46,10.222,10.253,9.886,41751.55,51608.51,44165.75,0.46
2016-07-15,10.52,10.57,10.25,10.23,34041.18,-0.2,-1.91,10.236,10.238,9.853,44575.46,55133.4,44729.01,0.6
2016-07-14,10.21,10.55,10.45,10.15,64211.33,0.24,2.35,10.236,10.178,9.824,43963.13,54820.84,45112.33,1.13
2016-07-13,10.1,10.28,10.21,10.07,43050.86,0.11,1.09,10.19,10.098,9.789,43155.31,51864.5,44127.47,0.76
2016-07-12,10.07,10.23,10.1,9.77,41161.37,-0.07,-0.69,10.208,10.031,9.764,46642.39,50798.72,43600.16,0.73
2016-07-11,10.2,10.36,10.17,10.12,40412.58,-0.08,-0.78,10.284,9.966,9.735,61465.47,50423.11,43156.05,0.71
2016-07-08,10.22,10.35,10.25,10.11,30979.51,0.03,0.29,10.24,9.884,9.708,65691.33,49120.12,43698.52,0.55
2016-07-07,10.29,10.54,10.22,10.02,60172.25,-0.08,-0.78,10.12,9.768,9.724,65678.55,51163.15,45322.81,1.06
2016-07-06,10.32,10.56,10.3,10.22,60486.25,-0.18,-1.72,10.006,9.695,9.727,60573.69,47817.59,44177.76,1.07
2016-07-05,9.95,10.55,10.48,9.84,115276.75,0.53,5.33,9.854,9.625,9.725,54955.04,45010.49,43458.18,2.03
2016-07-04,9.52,10.16,9.95,9.41,61541.87,0.3,3.11,9.648,9.519,9.728,39380.75,36723.0,40486.97,1.09
2016-07-01,9.61,9.69,9.65,9.52,30915.61,0.0,0.0,9.528,9.468,9.771,32548.92,34324.63,41476.26,0.55
2016-06-30,9.53,9.66,9.65,9.37,34647.96,0.11,1.15,9.416,9.47,9.794,36647.76,35403.81,42131.04,0.61
2016-06-29,9.48,9.59,9.54,9.4,32393.02,0.09,0.95,9.384,9.48,9.81,35061.5,36390.44,42115.0,0.57
2016-06-28,9.34,9.66,9.45,9.2,37405.27,0.1,1.07,9.396,9.496,9.815,35065.95,36401.59,41604.05,0.66
2016-06-27,9.05,9.36,9.35,9.0,27382.74,0.26,2.86,9.39,9.503,9.84,34065.25,35889.0,40710.07,0.48
2016-06-24,9.46,9.54,9.09,8.85,51409.79,-0.4,-4.21,9.408,9.532,9.869,36100.35,38276.91,41080.54,0.91
2016-06-23,9.6,9.7,9.49,9.4,26716.67,-0.11,-1.15,9.524,9.679,9.923,34159.87,39482.47,40877.2,0.47
2016-06-22,9.46,9.61,9.6,9.32,32415.26,0.18,1.91,9.576,9.759,9.968,37719.39,40537.92,43098.22,0.57
2016-06-21,9.53,9.61,9.42,9.32,32401.78,-0.02,-0.21,9.596,9.824,9.96,37737.24,41905.87,42358.88,0.57
2016-06-20,9.74,9.8,9.44,9.31,37558.23,-0.23,-2.38,9.616,9.937,9.957,37712.74,44250.94,42109.21,0.66
2016-06-17,9.78,9.94,9.67,9.58,41707.4,-0.08,-0.82,9.656,10.074,9.95,40453.48,48627.89,41521.89,0.74
2016-06-16,9.7,10.1,9.75,9.65,44514.27,0.05,0.52,9.834,10.118,9.93,44805.07,48858.27,41168.6,0.79
2016-06-15,9.24,9.92,9.7,9.24,32504.52,0.18,1.89,9.942,10.139,9.938,43356.46,47839.55,40621.9,0.57
2016-06-14,9.43,9.67,9.52,9.38,32279.29,-0.12,-1.25,10.052,10.133,9.953,46074.5,46806.51,40847.56,0.57
2016-06-13,10.45,10.45,9.64,9.53,51261.91,-0.92,-8.71,10.258,10.176,9.971,50789.14,45531.14,42104.47,0.9
2016-06-08,10.28,10.58,10.56,10.22,63465.37,0.27,2.62,10.492,10.206,9.984,56802.31,43884.16,42900.44,1.12
2016-06-07,10.32,10.35,10.29,10.17,37271.21,0.04,0.39,10.402,10.167,10.006,52911.47,42271.94,42510.88,0.66
2016-06-06,10.5,10.59,10.25,10.15,46094.71,-0.3,-2.84,10.336,10.176,10.065,52322.64,45658.51,44170.09,0.81
2016-06-03,10.58,10.68,10.55,10.5,55852.5,-0.26,-2.4,10.214,10.096,10.132,47538.53,42811.89,46113.88,0.99
2016-06-02,10.08,10.82,10.81,10.01,81327.76,0.7,6.92,10.094,9.976,10.178,40273.15,39967.49,46782.73,1.43
2016-06-01,9.96,10.23,10.11,9.92,44011.16,0.15,1.51,9.92,9.825,10.234,30966.01,34415.88,46220.84,0.78
2016-05-31,9.58,9.99,9.96,9.58,34327.08,0.32,3.32,9.932,9.742,10.31,31632.41,33478.93,47874.95,0.61
2016-05-30,9.93,9.93,9.64,9.6,22174.13,-0.31,-3.12,10.016,9.736,10.38,38994.39,33404.24,49269.47,0.39
2016-05-27,9.98,10.07,9.95,9.81,19525.6,0.01,0.1,9.978,9.772,10.453,38085.26,34888.6,50112.07,0.34
2016-05-26,10.07,10.17,9.94,9.69,34792.09,-0.23,-2.26,9.858,9.765,10.513,39661.82,38677.8,52157.51,0.61
2016-05-25,10.17,10.39,10.17,10.0,47343.14,-0.21,-2.02,9.73,9.761,10.571,37865.75,41916.72,53699.43,0.84
2016-05-24,9.49,10.4,10.38,9.45,71136.97,0.93,9.84,9.552,9.844,10.583,35325.45,42749.82,52371.82,1.25
2016-05-23,9.38,9.52,9.45,9.31,17628.5,0.1,1.07,9.456,9.954,10.579,27814.1,42681.67,50486.99,0.31
2016-05-20,9.26,9.35,9.35,9.01,27408.42,0.05,0.54,9.566,10.167,10.626,31691.95,49415.87,50838.41,0.48
2016-05-19,9.34,9.58,9.3,9.2,25811.74,0.02,0.22,9.672,10.379,10.676,37693.78,53597.98,50917.1,0.46
2016-05-18,9.9,9.9,9.28,9.17,34641.61,-0.62,-6.26,9.792,10.642,10.739,45967.69,58025.79,53024.1,0.61
2016-05-17,10.08,10.1,9.9,9.85,33580.25,-0.1,-1.0,10.136,10.878,10.833,50174.19,62270.97,55675.73,0.59
2016-05-16,10.0,10.09,10.0,9.83,37017.71,0.12,1.22,10.452,11.023,10.858,57549.24,65134.69,55833.12,0.65
2016-05-13,9.5,9.96,9.88,9.5,57417.59,-0.02,-0.2,10.768,11.134,10.89,67139.79,65335.53,55267.58,1.01
2016-05-12,10.83,10.83,9.9,9.9,67181.27,-1.1,-10.0,11.086,11.26,10.93,69502.18,65637.22,53873.19,1.18
2016-05-11,11.4,11.62,11.0,11.0,55674.11,-0.48,-4.18,11.492,11.38,10.971,70083.9,65482.15,52554.26,0.98
2016-05-10,11.32,11.98,11.48,11.32,70455.51,-0.1,-0.86,11.62,11.321,10.951,74367.76,61993.81,51185.26,1.24
2016-05-09,11.44,11.87,11.58,11.0,84970.47,0.11,0.96,11.594,11.204,10.902,72720.13,58292.31,49182.01,1.5
2016-05-06,11.81,12.09,11.47,11.3,69229.56,-0.46,-3.86,11.5,11.085,10.851,63531.26,52260.96,46888.97,1.22
2016-05-05,11.54,11.95,11.93,11.52,70089.83,0.29,2.49,11.434,10.973,10.811,61772.25,48236.23,46048.15,1.24
2016-05-04,11.35,11.68,11.64,11.13,77093.44,0.29,2.56,11.268,10.835,10.747,60880.4,48022.41,46862.62,1.36
2016-05-03,11.2,11.45,11.35,11.12,62217.36,0.24,2.16,11.022,10.788,10.709,49619.86,49080.48,47271.78,1.1
2016-04-29,11.08,11.37,11.11,11.03,39026.13,-0.03,-0.27,10.814,10.693,10.671,43864.49,46531.56,48000.43,0.69
2016-04-28,11.08,11.33,11.14,10.85,60434.48,0.04,0.36,10.67,10.645,10.608,40990.66,45199.62,48776.25,1.07
2016-04-27,10.5,11.19,11.1,10.36,65630.57,0.69,6.63,10.512,10.6,10.54,34700.2,42109.17,48580.63,1.16
2016-04-26,10.27,10.48,10.41,10.25,20790.78,0.1,0.97,10.402,10.561,10.446,35164.42,39626.37,47031.51,0.37
2016-04-25,10.29,10.57,10.31,10.2,33440.5,-0.08,-0.77,10.554,10.58,10.394,48541.1,40376.7,48586.05,0.59
2016-04-22,10.37,10.58,10.39,10.25,24656.95,0.04,0.39,10.572,10.6,10.353,49198.62,40071.71,49879.26,0.43
2016-04-21,10.5,10.68,10.35,10.35,28982.21,-0.2,-1.9,10.62,10.616,10.307,49408.59,41516.99,52439.24,0.51
2016-04-20,11.18,11.25,10.55,10.21,67951.66,-0.62,-5.55,10.688,10.648,10.265,49518.14,43860.08,55424.45,1.2
2016-04-19,10.36,11.4,11.17,10.36,87674.19,0.77,7.4,10.72,10.659,10.192,44088.33,45702.83,57976.19,1.55
2016-04-18,10.58,10.6,10.4,10.2,36728.08,-0.23,-2.16,10.606,10.63,10.079,32212.31,45463.07,58085.09,0.65
2016-04-15,10.69,10.69,10.63,10.5,25706.82,-0.06,-0.56,10.628,10.648,9.987,30944.81,49469.3,60505.8,0.45
2016-04-14,10.57,10.7,10.69,10.42,29529.94,-0.02,-0.19,10.612,10.57,9.867,33625.38,52352.88,61839.57,0.52
2016-04-13,10.74,10.93,10.71,10.65,40802.61,0.11,1.04,10.608,10.48,9.732,38202.02,55052.08,62450.12,0.72
2016-04-12,10.45,10.75,10.6,10.41,28294.08,0.09,0.86,10.598,10.331,9.602,47317.34,54436.64,62644.19,0.5
2016-04-11,10.55,10.78,10.51,10.49,30390.6,-0.04,-0.38,10.654,10.207,9.472,58713.83,56795.4,63298.22,0.54
2016-04-08,10.51,10.79,10.55,10.49,39109.67,-0.12,-1.12,10.668,10.105,9.333,67993.79,59686.8,63031.75,0.69
2016-04-07,10.7,10.85,10.67,10.38,52413.12,0.01,0.09,10.528,9.998,9.192,71080.38,63361.5,62188.35,0.92
2016-04-06,10.73,10.98,10.66,10.21,86379.21,-0.22,-2.02,10.352,9.881,9.055,71902.15,66988.83,61102.24,1.52
2016-04-05,10.5,11.23,10.88,10.3,85276.56,0.3,2.84,10.064,9.725,8.923,61555.94,70249.55,58557.95,1.5
2016-04-01,9.85,10.63,10.58,9.71,76790.4,0.73,7.41,9.76,9.527,8.777,54876.97,70707.11,56112.61,1.35
2016-03-31,9.8,10.08,9.85,9.8,54542.63,0.06,0.61,9.542,9.325,8.635,51379.81,71542.3,54332.19,0.96
2016-03-30,9.36,9.8,9.79,9.13,56521.93,0.57,6.18,9.468,9.164,8.543,55642.62,71326.26,53995.41,1.0
2016-03-29,9.36,9.47,9.22,9.03,34648.2,-0.14,-1.5,9.41,8.984,8.457,62075.51,69848.16,53612.4,0.61
2016-03-28,9.5,9.74,9.36,9.31,51881.7,-0.13,-1.37,9.386,8.872,8.378,78943.15,70851.75,53606.2,0.92
2016-03-25,9.46,9.74,9.49,9.36,59304.59,0.01,0.1,9.294,8.736,8.281,86537.25,69801.05,53164.35,1.05
2016-03-24,9.37,9.77,9.48,9.19,75856.69,-0.02,-0.21,9.108,8.56,8.215,91704.8,66376.71,52401.17,1.34
2016-03-23,9.0,9.57,9.5,8.8,88686.37,0.4,4.4,8.86,8.386,8.149,87009.91,61015.19,52601.9,1.56
2016-03-22,8.9,9.3,9.1,8.9,118986.38,0.2,2.25,8.558,8.228,8.127,77620.82,55215.65,50755.71,2.1
2016-03-21,8.89,8.95,8.9,8.48,89852.23,0.34,3.97,8.358,8.12,8.119,62760.35,46866.35,47910.86,1.58
2016-03-18,8.25,8.74,8.56,8.24,85142.31,0.32,3.88,8.178,8.026,8.134,53064.84,41518.11,47918.26,4.32
2016-03-17,8.13,8.25,8.24,7.98,52382.24,0.25,3.13,8.012,7.944,8.14,41048.62,37122.09,45990.16,2.66
2016-03-16,8.15,8.34,7.99,7.96,41740.93,-0.11,-1.36,7.912,7.922,8.163,35020.48,36664.55,47271.35,2.12
2016-03-15,8.01,8.18,8.1,7.91,44684.02,0.1,1.25,7.898,7.93,8.202,32810.47,37376.63,48142.09,2.27
2016-03-14,7.77,8.06,8.0,7.77,41374.69,0.27,3.49,7.882,7.883,8.224,30972.35,36360.65,49098.91,2.1
2016-03-11,7.75,7.84,7.73,7.62,25061.21,-0.01,-0.13,7.874,7.826,8.235,29971.38,36527.66,48650.94,1.27
2016-03-10,7.88,8.0,7.74,7.7,22241.55,-0.18,-2.27,7.876,7.87,8.268,33195.55,38425.63,48729.42,1.13
2016-03-09,7.89,8.09,7.92,7.8,30690.89,-0.1,-1.25,7.932,7.911,8.306,38308.62,44188.61,50034.73,1.56
2016-03-08,7.99,8.1,8.02,7.61,35493.41,0.06,0.75,7.962,8.025,8.327,41942.78,46295.77,50254.46,1.8
2016-03-07,7.78,8.1,7.96,7.78,36369.86,0.22,2.84,7.884,8.118,8.343,41748.95,48955.36,50869.68,1.85
2016-03-04,7.98,8.11,7.74,7.4,41182.06,-0.28,-3.49,7.778,8.241,8.346,43083.94,54318.41,50945.33,2.09
2016-03-03,8.12,8.34,8.02,7.98,47806.87,-0.05,-0.62,7.864,8.336,8.375,43655.7,54858.23,51134.19,2.43
2016-03-02,7.69,8.07,8.07,7.69,48861.7,0.44,5.77,7.89,8.404,8.378,50068.6,57878.16,50904.77,2.48
2016-03-01,7.43,7.68,7.63,7.36,34524.26,0.2,2.69,8.088,8.473,8.397,50648.75,58907.56,50508.55,1.75
2016-02-29,8.1,8.13,7.43,7.38,43044.81,-0.74,-9.06,8.352,8.565,8.463,56161.78,61837.17,50617.68,2.19
2016-02-26,8.4,8.4,8.17,7.91,44040.86,0.02,0.24,8.704,8.643,8.59,65552.88,60774.22,49666.18,2.24
2016-02-25,9.09,9.15,8.15,8.15,79871.38,-0.91,-10.04,8.808,8.666,8.673,66060.76,59033.21,49222.84,4.06
2016-02-24,8.97,9.08,9.06,8.76,51762.45,0.11,1.23,8.918,8.701,8.75,65687.72,55880.85,47324.24,2.63
2016-02-23,9.06,9.17,8.95,8.74,62089.38,-0.24,-2.61,8.858,8.628,8.819,67166.37,54213.15,47290.29,3.15
2016-02-22,8.78,9.5,9.19,8.71,90000.31,0.5,5.75,8.778,8.567,8.917,67512.56,52783.99,47391.21,4.57
2016-02-19,8.74,8.74,8.69,8.54,46580.29,-0.01,-0.12,8.582,8.451,8.99,55995.56,47572.26,45714.93,2.37
2016-02-18,8.8,8.94,8.7,8.57,78006.16,-0.06,-0.69,8.524,8.413,9.082,52005.65,47410.16,47788.14,3.96
2016-02-17,8.57,8.85,8.76,8.5,59155.69,0.21,2.46,8.484,8.352,9.165,46073.97,43931.39,45795.91,3.0
2016-02-16,8.28,8.6,8.55,8.23,63820.34,0.34,4.14,8.398,8.32,9.219,41259.94,42109.54,44595.19,3.24
2016-02-15,8.11,8.3,8.21,7.98,32415.3,-0.19,-2.26,8.356,8.361,9.29,38055.42,39398.19,43400.2,1.65
2016-02-05,8.56,8.59,8.4,8.4,26630.76,-0.1,-1.18,8.32,8.536,9.377,39148.97,38558.14,44696.09,1.35
2016-02-04,8.25,8.62,8.5,8.25,48347.78,0.17,2.04,8.302,8.679,9.476,42814.66,39412.47,46676.4,2.46
2016-02-03,8.25,8.35,8.33,8.09,35085.52,-0.01,-0.12,8.22,8.798,9.542,41788.8,38767.63,44774.11,1.78
2016-02-02,8.06,8.38,8.34,8.03,47797.72,0.31,3.86,8.242,9.01,9.67,42959.14,40367.44,45072.46,2.43
2016-02-01,8.35,8.35,8.03,7.85,37883.05,-0.28,-3.37,8.366,9.266,9.784,40740.97,41998.44,45830.42,1.92
2016-01-29,8.09,8.5,8.31,8.0,44959.23,0.22,2.72,8.752,9.528,9.95,37967.32,43857.6,45959.87,2.28
2016-01-28,8.27,8.37,8.09,7.98,43218.5,-0.35,-4.15,9.056,9.75,10.164,36010.28,48166.12,46199.93,2.19
2016-01-27,9.41,9.41,8.44,8.06,40937.22,-0.52,-5.8,9.376,9.978,10.391,35746.45,47660.43,45953.48,2.08
2016-01-26,9.84,9.89,8.96,8.96,36706.87,-1.0,-10.04,9.778,10.118,10.6,37775.73,47080.85,45779.27,1.86
2016-01-25,9.88,10.15,9.96,9.8,24014.78,0.13,1.32,10.166,10.218,10.777,43255.91,47402.19,46863.66,1.22
2016-01-22,9.76,9.96,9.83,9.38,35174.02,0.14,1.45,10.304,10.218,10.922,49747.89,50834.04,47915.27,1.79
2016-01-21,10.21,10.45,9.69,9.68,41899.36,-0.76,-7.27,10.444,10.273,11.065,60321.97,53940.33,49894.78,2.13
2016-01-20,10.88,10.88,10.45,10.37,51083.6,-0.45,-4.13,10.58,10.286,11.235,59574.42,50780.59,51557.46,2.59
2016-01-19,10.6,10.95,10.9,10.47,64107.79,0.25,2.35,10.458,10.33,11.393,56385.97,49777.48,53546.96,3.26
2016-01-18,10.05,10.9,10.65,10.05,56474.66,0.12,1.14,10.27,10.301,11.525,51548.48,49662.4,54832.3,2.87
2016-01-15,10.37,11.2,10.53,10.37,88044.43,0.16,1.54,10.132,10.371,11.679,51920.2,48062.14,59237.59,4.47
2016-01-14,9.41,10.37,10.37,9.29,38161.61,0.53,5.39,10.102,10.578,11.819,47558.69,44233.74,60040.01,1.94
2016-01-13,10.05,10.28,9.84,9.79,35141.34,-0.12,-1.21,9.992,10.803,11.943,41986.77,44246.53,62034.68,1.78
2016-01-12,10.1,10.25,9.96,9.68,39920.36,0.0,0.0,10.202,11.081,12.092,43169.0,44477.69,62908.43,2.03
2016-01-11,10.2,10.84,9.96,9.7,58333.26,-0.42,-4.05,10.332,11.335,12.231,47776.32,46325.13,63999.5,2.96
2016-01-08,10.1,10.8,10.38,9.12,66236.87,0.56,5.7,10.61,11.625,12.354,44204.08,44996.51,63671.45,3.36
2016-01-07,10.66,10.76,9.82,9.8,10302.0,-1.07,-9.83,11.054,11.856,12.456,40908.8,45849.24,62855.58,0.52
2016-01-06,10.77,10.92,10.89,10.6,41052.51,0.28,2.64,11.614,12.184,12.584,46506.29,52334.32,65472.13,2.08
2016-01-05,11.0,11.2,10.61,10.22,62956.98,-0.74,-6.52,11.96,12.455,12.666,45786.38,57316.44,68652.4,3.2
2016-01-04,12.6,12.6,11.35,11.34,40472.03,-1.25,-9.92,12.338,12.748,12.801,44873.95,60002.19,69675.89,2.06
2015-12-31,12.6,12.85,12.6,12.53,49760.47,-0.02,-0.16,12.64,12.987,12.886,45788.93,70413.03,72620.81,2.53
2015-12-30,12.65,12.73,12.62,12.5,38289.48,0.0,0.0,12.658,13.059,12.92,50789.67,75846.27,74398.61,1.94
2015-12-29,12.32,12.65,12.62,12.31,37452.93,0.12,0.96,12.754,13.083,12.942,58162.34,79822.83,78616.88,1.9
2015-12-28,12.85,12.99,12.5,12.5,58394.82,-0.36,-2.8,12.95,13.102,13.005,68846.5,81339.18,85300.52,2.96
2015-12-25,12.78,12.93,12.86,12.65,45046.97,0.17,1.34,13.158,13.127,13.056,75130.44,81673.86,90676.36,2.29
2015-12-24,13.1,13.11,12.69,12.4,74764.17,-0.41,-3.13,13.334,13.083,13.066,95037.13,82346.39,96366.49,3.8
2015-12-23,13.65,13.7,13.1,13.05,75152.83,-0.5,-3.68,13.46,13.055,13.134,100902.86,79861.92,103215.51,3.82
2015-12-22,13.53,13.63,13.6,13.21,90873.73,0.06,0.44,13.412,12.983,13.198,101483.31,78609.93,111260.2,4.61
2015-12-21,13.6,13.96,13.54,13.5,89814.48,-0.2,-1.46,13.254,12.877,13.234,93831.85,79988.36,119301.95,4.56
2015-12-18,13.32,13.82,13.74,13.2,144580.45,0.42,3.15,13.096,12.853,13.209,88217.28,79349.58,121322.14,7.34
2015-12-17,12.86,13.34,13.32,12.8,104092.83,0.46,3.58,12.832,12.785,13.181,69655.64,74828.59,121555.47,5.28
2015-12-16,12.72,12.97,12.86,12.64,78055.05,0.05,0.39,12.65,12.78,13.156,58820.97,72950.96,122047.98,3.96
2015-12-15,12.6,13.0,12.81,12.6,52616.44,0.06,0.47,12.554,12.8,13.145,55736.55,77410.94,127112.47,2.67
2015-12-14,12.37,12.85,12.75,12.11,61741.61,0.33,2.66,12.5,12.907,13.164,66144.87,89261.86,139521.35,3.13
2015-12-11,12.47,12.6,12.42,12.32,51772.28,0.01,0.08,12.61,12.985,13.155,70481.89,99678.86,143126.19,2.63
2015-12-10,12.41,12.72,12.41,12.4,49919.47,0.03,0.24,12.738,13.048,13.154,80001.54,110386.59,149978.66,2.53
2015-12-09,12.31,12.59,12.38,12.25,62632.97,-0.16,-1.28,12.91,13.212,13.166,87080.95,126569.11,158634.14,3.18
2015-12-08,13.25,13.3,12.54,12.5,104658.0,-0.76,-5.71,13.046,13.412,13.155,99085.32,143910.47,163313.82,5.31
2015-12-07,13.12,13.38,13.3,13.03,83426.73,0.24,1.84,13.314,13.591,13.122,112378.85,158615.53,167834.6,4.24
2015-12-04,13.16,13.38,13.06,12.85,99370.55,-0.21,-1.58,13.36,13.564,13.04,128875.84,163294.7,172829.26,5.04
2015-12-03,13.2,13.41,13.27,13.02,85316.5,0.21,1.61,13.358,13.577,12.958,140771.64,168282.35,175263.64,4.33
2015-12-02,13.66,13.76,13.06,12.85,122654.84,-0.82,-5.91,13.514,13.532,12.864,166057.26,171145.0,181181.1,6.23
2015-12-01,13.53,14.1,13.88,13.0,171125.64,0.35,2.59,13.778,13.49,12.785,188735.61,176814.0,185790.97,8.69
2015-11-30,13.3,13.66,13.53,12.2,165911.66,0.48,3.68,13.868,13.42,12.639,204852.22,189780.84,192075.96,8.42
2015-11-27,14.08,14.28,13.05,12.69,158849.58,-1.0,-7.12,13.768,13.324,12.571,197713.56,186573.52,191886.96,8.06
2015-11-26,14.34,15.09,14.05,13.9,211744.59,-0.33,-2.29,13.796,13.259,12.566,195793.05,189570.72,196489.99,10.75
2015-11-25,14.28,14.74,14.38,13.9,236046.56,0.05,0.35,13.55,13.12,12.463,176232.74,190699.17,196126.32,11.98
2015-11-24,12.81,14.33,14.33,12.69,251708.69,1.3,9.98,13.202,12.897,12.311,164892.4,182717.17,192175.46,12.78
2015-11-23,13.0,13.7,13.03,12.93,130218.38,-0.16,-1.21,12.972,12.653,12.183,174709.47,177053.66,190325.18,6.61
2015-11-20,12.81,13.37,13.19,12.73,149247.02,0.37,2.89,12.88,12.516,12.099,175433.49,182363.82,192779.15,7.58
2015-11-19,12.61,12.83,12.82,12.43,113943.03,0.18,1.42,12.722,12.338,11.991,183348.4,182244.93,192122.8,5.78
2015-11-18,13.22,13.3,12.64,12.4,179344.88,-0.54,-4.1,12.69,12.196,11.882,205165.61,191217.2,193218.42,9.1
2015-11-17,12.56,13.5,13.18,12.38,300794.03,0.61,4.85,12.592,12.08,11.761,200541.95,194767.94,192854.19,15.27
2015-11-16,12.1,12.79,12.57,11.88,133838.47,0.17,1.37,12.334,11.858,11.67,179397.85,194371.07,185323.59,6.79
2015-11-13,12.3,13.03,12.4,12.3,188821.58,-0.26,-2.05,12.152,11.817,11.604,189294.16,197200.39,187876.03,9.59
2015-11-12,12.16,13.01,12.66,12.04,223029.09,0.51,4.2,11.954,11.872,11.543,181141.46,203409.25,188436.84,11.32
2015-11-11,11.98,12.29,12.15,11.75,156226.56,0.26,2.19,11.702,11.805,11.475,177268.79,201553.47,189735.7,7.93
2015-11-10,11.64,11.99,11.89,11.44,195073.53,0.23,1.97,11.568,11.725,11.43,188993.93,201633.74,195786.09,9.9
2015-11-09,11.34,11.84,11.66,10.94,183320.05,0.25,2.19,11.382,11.713,11.347,209344.3,203596.7,193463.72,9.31
2015-11-06,11.35,11.51,11.41,11.3,148058.06,0.01,0.09,11.482,11.681,11.275,205106.62,203194.48,193295.54,7.52
2015-11-05,11.3,11.66,11.4,11.05,203665.75,-0.08,-0.7,11.79,11.643,11.185,225677.05,202000.67,191291.68,10.34
2015-11-04,10.9,11.51,11.48,10.8,214852.25,0.52,4.75,11.908,11.568,11.104,225838.16,195219.64,187122.41,10.91
2015-11-03,10.99,11.6,10.96,10.94,296825.38,-1.2,-9.87,11.882,11.442,11.019,214273.56,190940.44,176578.66,15.07
2015-11-02,12.33,12.88,12.16,12.01,162131.66,-0.79,-6.1,12.044,11.482,10.945,197849.11,176276.11,168138.89,8.23
2015-10-30,11.79,13.19,12.95,11.46,250910.22,0.96,8.01,11.88,11.39,10.804,201282.34,178551.67,167286.69,12.74
2015-10-29,11.55,12.26,11.99,11.35,204471.28,0.64,5.64,11.496,11.213,10.657,178324.29,173464.43,166535.42,10.38
2015-10-28,11.48,11.72,11.35,11.08,157029.25,-0.42,-3.57,11.228,11.144,10.563,164601.12,177917.93,172457.79,7.97
2015-10-27,11.55,11.93,11.77,11.07,214703.14,0.43,3.79,11.002,11.134,10.496,167607.33,189938.43,176194.15,10.9
2015-10-26,11.22,11.7,11.34,11.05,179297.81,0.31,2.81,10.92,10.98,10.363,154703.11,183330.75,173649.52,9.1
2015-10-23,10.65,11.18,11.03,10.37,136119.97,0.38,3.57,10.9,10.868,10.268,155821.0,183396.6,177552.02,6.91
2015-10-22,9.98,10.85,10.65,9.98,135855.41,0.43,4.21,10.93,10.726,10.204,168604.57,180582.68,189591.44,6.9
2015-10-21,11.34,11.65,10.22,10.22,172060.3,-1.14,-10.04,11.06,10.639,10.115,191234.75,179025.19,189083.4,8.73
2015-10-20,11.23,11.38,11.36,10.73,150182.05,0.12,1.07,11.266,10.595,10.007,212269.53,162216.88,190197.23,7.62
2015-10-19,11.26,11.8,11.24,10.95,184887.27,0.06,0.54,11.04,10.407,9.887,211958.38,160001.68,190999.21,9.39
2015-10-16,11.48,11.48,11.18,10.81,200037.81,-0.12,-1.06,10.836,10.217,9.748,210972.2,156021.71,187225.55,10.16
2015-10-15,11.08,11.57,11.3,10.79,249006.3,0.05,0.44,10.522,10.101,9.66,192560.79,159606.41,183290.38,12.64
2015-10-14,10.25,11.25,11.25,10.13,277234.22,1.02,9.97,10.218,9.981,9.618,166815.63,166997.66,180404.32,14.07
2015-10-13,10.05,10.37,10.23,9.95,148626.31,0.01,0.1,9.924,9.858,9.582,112164.22,162449.86,177287.79,7.55
2015-10-12,9.66,10.29,10.22,9.66,179956.34,0.61,6.35,9.774,9.746,9.655,108044.98,163968.29,189054.12,9.14
2015-10-09,9.78,9.78,9.61,9.44,107980.79,-0.17,-1.74,9.598,9.667,9.733,101071.23,171707.43,180365.46,5.48
2015-10-08,9.86,9.9,9.78,9.5,120280.49,0.3,3.17,9.68,9.682,9.907,126652.04,198600.2,175047.27,6.11
2015-10-07,9.82,9.9,9.78,9.78,3977.19,0.3,3.17,9.744,9.591,10.145,167179.68,199141.61,169093.39,0.2
2015-09-30,9.45,9.97,9.48,9.44,128030.08,0.14,1.5,9.792,9.419,10.787,212735.5,218177.59,173314.15,6.5
2015-09-29,9.68,9.83,9.34,9.3,145087.58,-0.68,-6.79,9.718,9.366,11.352,219891.6,221996.75,173923.69,7.37
2015-09-28,10.29,10.69,10.02,9.76,235884.84,-0.08,-0.79,9.736,9.279,11.833,242343.64,218429.39,172861.37,11.98
2015-09-25,9.95,10.74,10.1,9.62,322918.72,0.08,0.8,9.684,9.218,12.217,270548.37,206974.35,167863.43,16.39
2015-09-24,9.28,10.02,10.02,8.97,231756.28,0.91,9.99,9.438,9.254,12.553,231103.54,193810.98,156756.83,11.77
2015-09-23,9.13,9.28,9.11,8.91,163810.58,-0.32,-3.39,9.046,9.305,12.912,223619.67,192125.73,154286.8,8.32
2015-09-22,9.29,9.61,9.43,9.2,257347.77,-0.33,-3.38,9.014,9.564,13.238,224101.89,214139.96,149599.34,13.06
2015-09-21,9.51,9.76,9.76,9.2,376908.5,0.89,10.03,8.822,9.799,13.564,194515.15,189023.48,140207.43,19.13
2015-09-18,7.98,8.87,8.87,7.98,125694.55,0.81,10.05,8.752,10.132,13.863,143400.32,151494.33,124389.89,6.38
2015-09-17,8.7,8.98,8.06,8.06,194336.97,-0.89,-9.94,9.07,10.699,14.219,156518.42,139045.17,123988.35,9.87
2015-09-16,8.13,9.26,8.95,7.84,166221.66,0.48,5.67,9.564,12.154,14.587,160631.78,128450.71,117550.49,8.44
2015-09-15,8.79,8.79,8.47,8.47,109414.08,-0.94,-9.99,10.114,13.338,14.907,204178.02,125850.63,113414.0,5.55
2015-09-14,10.46,10.56,9.41,9.41,121334.34,-1.05,-10.04,10.776,14.386,15.257,183531.81,127293.35,109937.46,6.16
2015-09-11,10.15,10.7,10.46,9.91,191285.03,-0.07,-0.67,11.512,15.215,15.538,159588.34,128752.52,104792.22,9.71
2015-09-10,10.83,11.35,10.53,10.53,214903.78,-1.17,-10.0,12.328,15.851,15.768,121571.93,119702.69,96262.55,10.91
2015-09-09,10.6,12.72,11.7,10.6,383952.88,-0.08,-0.68,14.744,16.518,15.99,96269.65,116447.88,86495.22,19.49
2015-09-08,11.78,11.78,11.78,11.78,6183.0,-1.31,-10.01,16.562,16.912,16.16,47523.23,85058.72,68465.8,0.31
2015-09-07,13.09,13.09,13.09,13.09,1617.0,-1.45,-9.97,17.996,17.328,16.325,71054.89,91391.37,70050.71,0.08
2015-09-02,14.54,14.54,14.54,14.54,1203.0,-1.61,-9.97,18.918,17.594,16.432,97916.71,97285.44,71183.24,0.06
2015-04-01,20.8,22.78,22.61,20.8,88392.36,1.82,8.75,19.374,17.738,16.478,117833.45,108931.52,73060.76,2.18
2015-03-31,18.95,20.8,20.79,18.52,140220.8,1.84,9.71,18.292,17.02,16.134,136626.11,106650.27,71447.63,3.46
2015-03-30,17.71,19.47,18.95,17.68,123841.28,1.25,7.06,17.262,16.476,15.9,122594.22,100977.38,68207.04,3.06
2015-03-27,16.82,17.9,17.7,16.82,135926.11,0.88,5.23,16.66,16.127,15.735,111727.86,92581.57,66458.38,3.36
2015-03-26,17.24,17.24,16.82,16.49,100786.68,-0.38,-2.21,16.27,15.86,15.589,96654.17,80831.93,60604.28,2.49
2015-03-25,15.68,17.2,17.2,15.53,182355.69,1.56,9.97,16.102,15.684,15.483,100029.6,72822.42,56834.42,4.5
2015-03-24,15.94,15.96,15.64,15.25,70061.32,-0.3,-1.88,15.748,15.462,15.361,76674.43,56542.55,49581.95,1.73
2015-03-23,15.85,15.98,15.94,15.72,69509.5,0.19,1.21,15.69,15.408,15.287,79360.54,51872.88,46107.58,1.72
2015-03-20,15.98,15.99,15.75,15.65,60557.67,-0.23,-1.44,15.594,15.322,15.2,73435.27,48710.05,43661.18,1.5
2015-03-19,15.6,16.23,15.98,15.57,117663.8,0.55,3.56,15.45,15.27,15.115,65009.68,45081.03,41536.16,2.91
2015-03-18,15.32,15.46,15.43,15.21,65579.85,0.08,0.52,15.266,15.218,15.019,45615.24,37190.0,36537.19,1.62
2015-03-17,15.52,15.54,15.35,15.0,83491.86,-0.11,-0.71,15.176,15.247,14.93,36410.67,36244.98,33719.75,2.06
2015-03-16,15.11,15.46,15.46,15.07,39883.18,0.43,2.86,15.126,15.323,14.831,24385.22,35436.71,30042.74,0.98
2015-03-13,15.19,15.25,15.03,14.92,18429.7,-0.03,-0.2,15.05,15.343,14.733,23984.83,40335.18,28539.74,0.46
2015-03-12,14.96,15.15,15.06,14.8,20691.62,0.08,0.53,15.09,15.317,14.643,25152.39,40376.63,28231.3,0.51
2015-03-11,15.1,15.25,14.98,14.93,19557.0,-0.12,-0.8,15.17,15.281,14.562,28764.76,40846.43,27877.31,0.48
2015-03-10,15.08,15.24,15.1,14.97,23364.58,0.02,0.13,15.318,15.259,14.499,36079.3,42621.34,27786.16,0.58
2015-03-09,15.29,15.29,15.08,14.85,37881.24,-0.15,-0.98,15.52,15.165,14.436,46488.2,40342.28,27613.96,0.94
2015-03-06,15.5,15.53,15.23,15.19,24267.49,-0.23,-1.49,15.636,15.077,14.394,56685.54,38612.31,27271.73,0.6
2015-03-05,15.53,15.68,15.46,15.13,38753.49,-0.26,-1.65,15.544,14.959,14.336,55600.86,37991.29,27109.67,0.96
2015-03-04,16.11,16.11,15.72,15.46,56129.68,-0.39,-2.42,15.392,14.819,14.257,52928.1,35884.38,25901.53,1.39
2015-03-03,15.68,16.25,16.11,15.6,75409.08,0.45,2.87,15.2,14.613,14.164,49163.39,31194.52,23887.27,1.86
2015-03-02,15.1,16.25,15.66,15.06,88867.96,0.89,6.03,14.81,14.338,14.058,34196.37,24648.77,21502.03,2.19
2015-02-27,14.8,14.88,14.77,14.6,18844.11,0.07,0.48,14.518,14.123,13.961,20539.07,16744.3,17904.8,0.47
2015-02-26,14.76,14.93,14.7,14.54,25389.65,-0.06,-0.41,14.374,13.968,13.91,20381.71,16085.97,17658.2,0.63
2015-02-25,14.2,14.9,14.76,14.06,37306.13,0.56,3.94,14.246,13.843,13.855,18840.66,14908.19,17272.54,0.92
2015-02-24,14.15,14.3,14.16,14.15,574.0,-0.04,-0.28,14.026,13.739,13.806,13225.65,12950.98,16312.12,0.04
2015-02-17,14.05,14.2,14.2,13.91,20581.46,0.15,1.07,13.866,13.707,13.777,15101.16,14885.64,17362.77,1.49
2015-02-16,14.1,14.18,14.05,13.85,18057.33,-0.01,-0.07,13.728,13.71,13.734,12949.54,15931.16,16942.84,1.31
2015-02-13,13.66,14.1,14.06,13.66,17684.38,0.4,2.93,13.562,13.713,13.685,11790.22,16228.05,16604.5,1.28
2015-02-12,13.37,13.69,13.66,13.37,9231.07,0.3,2.25,13.44,13.694,13.659,10975.73,15918.68,16166.52,0.67
2015-02-11,13.39,13.57,13.36,13.31,9951.56,-0.15,-1.11,13.452,13.714,13.649,12676.31,16580.03,16041.7,0.72
2015-02-10,13.22,13.78,13.51,13.22,9823.35,0.29,2.19,13.548,13.778,13.653,14670.12,18355.3,15993.72,0.71
2015-02-09,13.45,13.46,13.22,13.14,12260.75,-0.23,-1.71,13.692,13.799,13.663,18912.79,19065.3,16294.13,0.89
2015-02-06,13.8,13.8,13.45,13.44,13611.91,-0.27,-1.97,13.864,13.852,13.677,20665.87,19230.43,16132.16,0.99
2015-02-05,13.83,14.19,13.72,13.7,17733.96,-0.12,-0.87,13.948,13.867,13.682,20861.64,19636.88,15890.79,1.29
2015-02-04,14.16,14.25,13.84,13.81,19920.61,-0.39,-2.74,13.976,13.873,13.676,20483.75,19673.26,15718.9,1.45
2015-02-03,14.25,14.32,14.23,14.01,31036.71,0.15,1.06,14.008,13.847,13.67,22040.48,19839.91,15911.42,2.25
2015-02-02,13.68,14.25,14.08,13.61,21026.16,0.21,1.51,13.906,13.758,13.655,19217.82,17954.51,15779.58,1.53
2015-01-30,13.86,14.07,13.87,13.8,14590.74,0.01,0.07,13.84,13.656,13.654,17794.98,16980.95,16366.24,1.06
2015-01-29,14.0,14.09,13.86,13.83,15844.52,-0.14,-1.0,13.786,13.623,13.685,18412.13,16414.37,17115.07,1.15
2015-01-28,13.72,14.12,14.0,13.61,27704.27,0.28,2.04,13.77,13.583,13.699,18862.76,15503.37,16998.55,2.01
2015-01-27,13.82,13.82,13.72,13.58,16923.39,-0.03,-0.22,13.686,13.528,13.691,17639.33,13632.14,16678.43,1.23
2015-01-26,13.56,13.75,13.75,13.54,13912.0,0.15,1.1,13.61,13.527,13.69,16691.21,13522.96,16750.82,1.01
2015-01-23,13.81,13.83,13.6,13.52,17676.47,-0.18,-1.31,13.472,13.501,13.691,16166.92,13033.9,16645.27,1.28
2015-01-22,13.63,13.81,13.78,13.5,18097.68,0.2,1.47,13.46,13.496,13.704,14416.6,12144.69,16253.44,1.31
2015-01-21,13.39,13.64,13.58,13.3,21587.11,0.24,1.8,13.396,13.478,13.7,12143.99,11764.54,15927.95,1.57
2015-01-20,13.06,13.36,13.34,13.06,12182.79,0.28,2.14,13.37,13.492,13.7,9624.96,11982.94,15760.23,0.88
2015-01-19,13.0,13.47,13.06,12.75,11290.55,-0.48,-3.54,13.444,13.551,13.76,10354.72,13604.64,15906.93,0.82
2015-01-16,13.47,13.56,13.54,13.43,8924.88,0.08,0.59,13.53,13.651,13.851,9900.88,15751.53,16039.16,0.65
2015-01-15,13.45,13.69,13.46,13.34,6734.61,0.01,0.07,13.532,13.747,13.919,9872.79,17815.78,16747.05,0.49
2015-01-14,13.62,13.75,13.45,13.41,8991.96,-0.26,-1.9,13.56,13.815,14.015,11385.1,18493.73,17590.66,0.65
2015-01-13,13.55,13.75,13.71,13.47,15831.58,0.22,1.63,13.614,13.853,14.105,14340.92,19724.72,17963.42,1.15
2015-01-12,13.55,13.62,13.49,13.45,9021.38,-0.06,-0.44,13.658,13.852,14.184,16854.57,19978.67,18414.14,0.66
2015-01-09,13.73,13.73,13.55,13.54,8784.4,-0.05,-0.37,13.772,13.881,14.283,21602.17,20256.64,21572.75,0.64
2015-01-08,13.75,13.88,13.6,13.6,14296.17,-0.12,-0.88,13.962,13.912,14.376,25758.78,20362.18,24250.32,1.04
2015-01-07,13.89,13.95,13.72,13.71,23771.05,-0.21,-1.51,14.07,13.922,14.396,25602.37,20091.36,25010.25,1.73
2015-01-06,14.1,14.1,13.93,13.8,28399.83,-0.13,-0.93,14.092,13.908,14.432,25108.52,19537.53,25075.47,2.06
2015-01-05,14.23,14.46,14.06,14.05,32759.42,-0.44,-3.03,14.046,13.969,14.459,23102.77,18209.22,24890.79,2.38
2014-12-31,14.05,14.5,14.5,13.81,29567.42,0.36,2.55,13.99,14.051,14.483,18911.1,16326.79,24427.93,2.15
2014-12-30,13.84,14.19,14.14,13.7,13514.13,0.31,2.24,13.862,14.09,14.482,14965.59,15678.32,24106.71,0.98
2014-12-29,13.68,13.95,13.83,13.31,21301.8,0.13,0.95,13.774,14.214,14.505,14580.35,16687.59,24812.88,1.55
2014-12-26,13.8,13.88,13.7,13.53,18371.1,-0.08,-0.58,13.724,14.357,14.553,13966.54,16202.13,25063.67,1.33
2014-12-25,13.86,13.99,13.78,13.72,11801.04,-0.08,-0.58,13.892,14.516,14.618,13315.66,16849.62,25578.48,0.86
2014-12-24,13.75,13.99,13.86,13.72,9839.86,0.16,1.17,14.112,14.685,14.688,13742.49,22888.87,26726.6,0.71
2014-12-23,13.6,13.78,13.7,13.36,11587.95,0.12,0.88,14.318,14.839,14.764,16391.05,28138.45,28261.76,0.84
2014-12-22,14.54,14.54,13.58,13.09,18232.77,-0.96,-6.6,14.654,14.87,14.87,18794.82,29929.14,29929.14,1.32
2014-12-19,14.88,15.1,14.54,14.4,15116.67,-0.34,-2.29,14.99,15.013,15.013,18437.71,31228.74,31228.74,1.1
2014-12-18,14.9,15.28,14.88,14.86,13935.19,-0.01,-0.07,15.14,15.073,15.073,20383.58,33242.75,33242.75,1.01
2014-12-17,15.27,15.3,14.89,14.85,23082.66,-0.49,-3.19,15.258,15.1,15.1,32035.25,36000.97,36000.97,1.68
2014-12-16,15.26,15.48,15.38,15.11,23606.81,0.12,0.79,15.36,15.135,15.135,39885.86,38154.02,38154.02,1.71
2014-12-15,15.29,15.4,15.26,15.01,16447.22,-0.03,-0.2,15.086,15.086,15.086,41063.47,41063.47,41063.47,1.19
2014-12-12,15.5,15.56,15.29,15.1,24846.0,-0.18,-1.16,15.043,15.043,15.043,47217.53,47217.53,47217.53,1.8
2014-12-11,15.5,16.14,15.47,15.43,72193.58,0.07,0.46,14.96,14.96,14.96,54674.71,54674.71,54674.71,5.24
2014-12-10,13.86,15.41,15.4,13.86,62335.67,1.39,9.92,14.705,14.705,14.705,45915.27,45915.27,45915.27,4.53
2014-12-09,14.49,14.58,14.01,13.96,29494.87,-0.49,-3.38,14.01,14.01,14.01,29494.87,29494.87,29494.87,2.14
